filename,width,height,class,xmin,ymin,xmax,ymax
IMG20190319150148_jpeg.rf.ac5a454a57e46afeab4713536b4df197.jpg,640,640,botolkaca,144,32,464,568
Botol-Kaca-40-_jpeg.rf.b3bf77c90aa2d706031c8b85c380f3b8.jpg,640,640,botolkaca,152,14,444,640
Botol-Kaca-18-_jpeg.rf.b1095de9bcee9186ff9be0220e14c048.jpg,640,640,botolkaca,236,12,395,431
Botol-Kaca-18-_jpeg.rf.b1095de9bcee9186ff9be0220e14c048.jpg,640,640,botolkaca,356,54,563,570
Botol-Kaca-18-_jpeg.rf.b1095de9bcee9186ff9be0220e14c048.jpg,640,640,botolkaca,468,146,613,540
Botol-Kaca-18-_jpeg.rf.b1095de9bcee9186ff9be0220e14c048.jpg,640,640,botolkaca,110,66,293,575
Botol-Kaca-18-_jpeg.rf.b1095de9bcee9186ff9be0220e14c048.jpg,640,640,botolkaca,0,125,149,599
Botol-Plastik-90-_jpeg.rf.a9ca2bda44c4dc570837f4659e3ed1c0.jpg,640,640,botolplastik,69,0,478,143
Botol-Plastik-90-_jpeg.rf.a9ca2bda44c4dc570837f4659e3ed1c0.jpg,640,640,botolplastik,60,97,513,283
Botol-Plastik-90-_jpeg.rf.a9ca2bda44c4dc570837f4659e3ed1c0.jpg,640,640,botolplastik,32,232,504,418
Botol-Plastik-90-_jpeg.rf.a9ca2bda44c4dc570837f4659e3ed1c0.jpg,640,640,botolplastik,20,372,499,539
Botol-Plastik-90-_jpeg.rf.a9ca2bda44c4dc570837f4659e3ed1c0.jpg,640,640,botolplastik,15,492,522,640
Botol-Plastik-2024-04-25T174832-630_jpeg.rf.bb4fa2711ad6eca15f11101956019ec2.jpg,640,640,Kaleng,169,205,455,461
Botol-Plastik-2024-04-25T174832-630_jpeg.rf.bb4fa2711ad6eca15f11101956019ec2.jpg,640,640,Kaleng,146,399,494,640
Jual-Botol-Kaca-500ml-APEL-Rekondisi-scaled_jpeg.rf.b935737a4ac770365c68ee3e3105aee6.jpg,640,640,botolkaca,279,46,562,587
Botol-Plastik-38-_jpeg.rf.b02fb7273e28fb04e4027ffec2f9a612.jpg,640,640,botolplastik,0,97,633,502
320328319_d43e125f-f2b6-48b6-8da3-4fe4eb97ee8b_780_1040_jpeg.rf.aa29908d32f8fd1888bb7e8dbc0526c3.jpg,640,640,botolkaca,62,60,550,359
320328319_d43e125f-f2b6-48b6-8da3-4fe4eb97ee8b_780_1040_jpeg.rf.aa29908d32f8fd1888bb7e8dbc0526c3.jpg,640,640,botolkaca,72,248,554,580
Botol-Plastik-2024-04-25T174836-092_jpeg.rf.ad14fdf731dc0d34a371b61a218c8cb6.jpg,640,640,Kaleng,196,53,439,594
Botolkaca9_jpg.rf.a7790bf71be6c350527452a406da6a1d.jpg,640,640,botolkaca,39,57,248,571
Botolkaca9_jpg.rf.a7790bf71be6c350527452a406da6a1d.jpg,640,640,botolkaca,257,98,426,577
Botolkaca9_jpg.rf.a7790bf71be6c350527452a406da6a1d.jpg,640,640,botolkaca,442,30,631,542
Botolkaca4_jpg.rf.b5ff68a236a73d724d65304393bd18bc.jpg,640,640,botolkaca,5,14,640,279
Botolkaca4_jpg.rf.b5ff68a236a73d724d65304393bd18bc.jpg,640,640,botolkaca,0,216,615,483
Botolkaca4_jpg.rf.b5ff68a236a73d724d65304393bd18bc.jpg,640,640,botolkaca,0,404,597,640
Botol-Plastik-2024-04-25T174835-368_jpeg.rf.abece45ed71407bf427eb0b5996baf3d.jpg,640,640,Kaleng,153,67,488,561
Botolkaca11_jpg.rf.b4ef14346c30b829c68af97f8d290828.jpg,640,640,botolkaca,377,124,553,483
Botolkaca11_jpg.rf.b4ef14346c30b829c68af97f8d290828.jpg,640,640,botolkaca,239,175,404,506
Botolkaca11_jpg.rf.b4ef14346c30b829c68af97f8d290828.jpg,640,640,botolkaca,108,210,255,511
Botol-Plastik-2024-04-25T174835-694_jpeg.rf.b38c47227203a69dc98797ca2eb78162.jpg,640,640,Kaleng,112,211,313,636
Botol-Plastik-2024-04-25T174835-694_jpeg.rf.b38c47227203a69dc98797ca2eb78162.jpg,640,640,Kaleng,0,99,152,511
Botol-Plastik-2024-04-25T174835-694_jpeg.rf.b38c47227203a69dc98797ca2eb78162.jpg,640,640,Kaleng,280,89,443,514
Botol-Plastik-2024-04-25T174835-694_jpeg.rf.b38c47227203a69dc98797ca2eb78162.jpg,640,640,Kaleng,455,177,616,531
Botol-Plastik-2024-04-25T174835-694_jpeg.rf.b38c47227203a69dc98797ca2eb78162.jpg,640,640,Kaleng,225,15,376,269
Botol-Plastik-2024-04-25T174835-694_jpeg.rf.b38c47227203a69dc98797ca2eb78162.jpg,640,640,Kaleng,397,19,551,386
Botol-Kaca-60-_jpeg.rf.b2573b55d09695e15351b88b2b0105d4.jpg,640,640,botolkaca,117,189,293,595
Botol-Kaca-60-_jpeg.rf.b2573b55d09695e15351b88b2b0105d4.jpg,640,640,botolkaca,40,83,245,563
Botol-Kaca-60-_jpeg.rf.b2573b55d09695e15351b88b2b0105d4.jpg,640,640,botolkaca,201,55,411,574
Botol-Kaca-60-_jpeg.rf.b2573b55d09695e15351b88b2b0105d4.jpg,640,640,botolkaca,302,130,495,601
Botol-Kaca-60-_jpeg.rf.b2573b55d09695e15351b88b2b0105d4.jpg,640,640,botolkaca,384,26,601,585
Botolkaca11_jpg.rf.b5c7665c505fda59e74c5eef8b305075.jpg,640,640,botolkaca,65,113,259,496
Botolkaca11_jpg.rf.b5c7665c505fda59e74c5eef8b305075.jpg,640,640,botolkaca,226,106,407,460
Botolkaca11_jpg.rf.b5c7665c505fda59e74c5eef8b305075.jpg,640,640,botolkaca,384,117,545,439
Botol-Plastik-72-_jpeg.rf.a695e91d1b5244a7ad8925cc73c8774c.jpg,640,640,botolplastik,200,239,321,624
Botol-Plastik-72-_jpeg.rf.a695e91d1b5244a7ad8925cc73c8774c.jpg,640,640,botolplastik,104,26,268,608
Botol-Plastik-72-_jpeg.rf.a695e91d1b5244a7ad8925cc73c8774c.jpg,640,640,botolplastik,330,163,495,624
Botol-Plastik-72-_jpeg.rf.a695e91d1b5244a7ad8925cc73c8774c.jpg,640,640,botolplastik,412,21,569,609
Botol-Plastik-82-_jpeg.rf.b2df569b7639f03492d1f63697d0118e.jpg,640,640,Kaleng,0,62,332,281
Botol-Plastik-82-_jpeg.rf.b2df569b7639f03492d1f63697d0118e.jpg,640,640,Kaleng,90,287,444,517
Botol-Plastik-82-_jpeg.rf.b2df569b7639f03492d1f63697d0118e.jpg,640,640,Kaleng,353,112,636,329
Botol-Plastik-82-_jpeg.rf.b16f5ca2396b3105484bb9340fd3e4f5.jpg,640,640,Kaleng,64,9,278,332
Botol-Plastik-82-_jpeg.rf.b16f5ca2396b3105484bb9340fd3e4f5.jpg,640,640,Kaleng,286,110,512,452
Botol-Plastik-82-_jpeg.rf.b16f5ca2396b3105484bb9340fd3e4f5.jpg,640,640,Kaleng,110,363,324,640
Kaleng-12_jpg.rf.b6d1c97c0e997b503aae5b3b5666f653.jpg,640,640,Kaleng,0,26,616,580
Botol-Plastik-2024-04-25T174836-092_jpeg.rf.b6c076427fb374b2aef4822298faa3cc.jpg,640,640,Kaleng,173,15,465,606
Botolkaca14_jpg.rf.a8a69b4c21f2f732b3e5e2710c412d74.jpg,640,640,botolkaca,39,121,640,500
Botol-Kaca-5-_jpeg.rf.ab4ae572e58e8ce96426f9072a5de8d8.jpg,640,640,botolkaca,202,83,387,563
Botol-Plastik-27-_jpeg.rf.b698133455754c81e94480df3c2ff43c.jpg,640,640,botolplastik,232,51,408,587
Botol-Plastik-94-_jpeg.rf.bc627e152a2fada918adfa40ef0e62a2.jpg,640,640,botolplastik,280,387,640,551
Botol-Plastik-94-_jpeg.rf.bc627e152a2fada918adfa40ef0e62a2.jpg,640,640,botolplastik,276,10,613,144
Botol-Plastik-94-_jpeg.rf.bc627e152a2fada918adfa40ef0e62a2.jpg,640,640,botolplastik,101,448,502,631
Botol-Plastik-94-_jpeg.rf.bc627e152a2fada918adfa40ef0e62a2.jpg,640,640,botolplastik,230,290,640,442
Botolkaca3_jpg.rf.b7fbbbaf7ab2f2a3b310cfb0a0a00247.jpg,640,640,botolkaca,219,176,400,493
320328319_d43e125f-f2b6-48b6-8da3-4fe4eb97ee8b_780_1040_jpeg.rf.bc83fa45cbf52a42e564bd525050affb.jpg,640,640,botolkaca,90,96,322,545
320328319_d43e125f-f2b6-48b6-8da3-4fe4eb97ee8b_780_1040_jpeg.rf.bc83fa45cbf52a42e564bd525050affb.jpg,640,640,botolkaca,273,91,538,528
Botol-Kaca-30-_jpeg.rf.bc786d42d0e043917b79d19005f16765.jpg,640,640,botolkaca,19,56,211,457
Botol-Kaca-30-_jpeg.rf.bc786d42d0e043917b79d19005f16765.jpg,640,640,botolkaca,215,52,410,365
Botol-Kaca-30-_jpeg.rf.bc786d42d0e043917b79d19005f16765.jpg,640,640,botolkaca,407,63,609,467
Botol-Kaca-36-_jpeg.rf.bcff8276a050da352135adcc23669de9.jpg,640,640,botolplastik,134,56,419,639
Kaleng-13_jpg.rf.bf0aa1f229c3f8633b1d0995725dcdce.jpg,640,640,Kaleng,143,69,484,579
Botol-Kaca-68-_jpeg.rf.c3bf8b563269a6ee8278c2625341bc3f.jpg,640,640,botolplastik,166,87,289,594
Botol-Kaca-68-_jpeg.rf.c3bf8b563269a6ee8278c2625341bc3f.jpg,640,640,botolplastik,238,94,393,625
Botol-Kaca-68-_jpeg.rf.c3bf8b563269a6ee8278c2625341bc3f.jpg,640,640,botolplastik,352,85,474,605
Botol-kaca-infus-250-ML-300x300_jpeg.rf.c3b09ed8233d753f19a549c4af281b09.jpg,640,640,botolkaca,87,97,314,595
Botol-kaca-infus-250-ML-300x300_jpeg.rf.c3b09ed8233d753f19a549c4af281b09.jpg,640,640,botolkaca,330,94,555,604
Botol-Plastik-30-_jpeg.rf.bedf7beb0d9a8994d4dfd34f19664c67.jpg,640,640,botolplastik,23,190,628,457
Botol-Plastik-5-_jpeg.rf.c1bbb4ccebc2c6515f86acb7f7367ff1.jpg,640,640,botolplastik,139,47,334,558
Botol-Plastik-5-_jpeg.rf.c1bbb4ccebc2c6515f86acb7f7367ff1.jpg,640,640,botolplastik,233,325,619,613
IMG20190319150633_jpeg.rf.c4bc04dfb0066f88df129ef91bc5d244.jpg,640,640,botolkaca,9,201,640,495
Botol-Kaca-56-_jpeg.rf.beb8af498f8e2c714b40ce191c9a8486.jpg,640,640,botolkaca,18,31,229,216
Botol-Kaca-56-_jpeg.rf.beb8af498f8e2c714b40ce191c9a8486.jpg,640,640,botolkaca,220,17,392,213
Botol-Kaca-56-_jpeg.rf.beb8af498f8e2c714b40ce191c9a8486.jpg,640,640,botolkaca,381,7,601,200
Botol-Kaca-56-_jpeg.rf.beb8af498f8e2c714b40ce191c9a8486.jpg,640,640,botolkaca,33,220,250,393
Botol-Kaca-56-_jpeg.rf.beb8af498f8e2c714b40ce191c9a8486.jpg,640,640,botolkaca,237,205,414,386
Botol-Kaca-56-_jpeg.rf.beb8af498f8e2c714b40ce191c9a8486.jpg,640,640,botolkaca,402,193,640,383
Botol-Kaca-56-_jpeg.rf.beb8af498f8e2c714b40ce191c9a8486.jpg,640,640,botolkaca,69,391,270,619
Botol-Kaca-56-_jpeg.rf.beb8af498f8e2c714b40ce191c9a8486.jpg,640,640,botolkaca,253,387,431,622
Botol-Kaca-56-_jpeg.rf.beb8af498f8e2c714b40ce191c9a8486.jpg,640,640,botolkaca,425,380,640,609
Botol-Plastik-2024-04-25T174832-630_jpeg.rf.c02e9f1528c7c74dd76fa09db117030c.jpg,640,640,Kaleng,187,184,474,449
Botol-Plastik-2024-04-25T174832-630_jpeg.rf.c02e9f1528c7c74dd76fa09db117030c.jpg,640,640,Kaleng,146,5,495,255
Botol-Plastik-2024-04-25T174835-694_jpeg.rf.c5e656abe8e0421c28d4e730c781b04d.jpg,640,640,Kaleng,178,64,633,316
Botol-Plastik-2024-04-25T174835-694_jpeg.rf.c5e656abe8e0421c28d4e730c781b04d.jpg,640,640,Kaleng,63,0,496,168
Botol-Plastik-2024-04-25T174835-694_jpeg.rf.c5e656abe8e0421c28d4e730c781b04d.jpg,640,640,Kaleng,63,247,514,461
Botol-Plastik-2024-04-25T174835-694_jpeg.rf.c5e656abe8e0421c28d4e730c781b04d.jpg,640,640,Kaleng,160,419,538,622
Botol-Plastik-2024-04-25T174835-694_jpeg.rf.c5e656abe8e0421c28d4e730c781b04d.jpg,640,640,Kaleng,0,220,264,401
Botol-Plastik-2024-04-25T174835-694_jpeg.rf.c5e656abe8e0421c28d4e730c781b04d.jpg,640,640,Kaleng,0,379,389,576
Botol-Plastik-2024-04-25T174833-046_jpeg.rf.c878cc328218a2fe5122169854ec69e5.jpg,640,640,Kaleng,90,448,456,613
Botol-Plastik-2024-04-25T174833-046_jpeg.rf.c878cc328218a2fe5122169854ec69e5.jpg,640,640,Kaleng,89,244,566,416
Botol-Plastik-2024-04-25T174833-046_jpeg.rf.c878cc328218a2fe5122169854ec69e5.jpg,640,640,Kaleng,85,79,504,210
Botol-Kaca-41-_jpeg.rf.c4f5faac207948b95b37870815feeb7e.jpg,640,640,botolkaca,139,3,517,632
Botol-Plastik-60-_jpeg.rf.c35aa63fb050c7908b80a59e4f400725.jpg,640,640,botolplastik,214,258,587,560
Botol-Plastik-60-_jpeg.rf.c35aa63fb050c7908b80a59e4f400725.jpg,640,640,botolplastik,15,73,314,494
Botol-Plastik-60-_jpeg.rf.c35aa63fb050c7908b80a59e4f400725.jpg,640,640,botolplastik,67,323,322,634
Botol-Plastik-60-_jpeg.rf.c35aa63fb050c7908b80a59e4f400725.jpg,640,640,botolplastik,97,0,451,281
Botol-Plastik-94-_jpeg.rf.c5b0373c401eff50216df78de155ab0d.jpg,640,640,botolplastik,88,250,216,620
Botol-Plastik-94-_jpeg.rf.c5b0373c401eff50216df78de155ab0d.jpg,640,640,botolplastik,489,293,593,614
Botol-Plastik-94-_jpeg.rf.c5b0373c401eff50216df78de155ab0d.jpg,640,640,botolplastik,26,67,172,446
Botol-Plastik-94-_jpeg.rf.c5b0373c401eff50216df78de155ab0d.jpg,640,640,botolplastik,199,213,313,620
IMG20190319150148_jpeg.rf.c55d12597f3753183274737f8122b0bf.jpg,640,640,botolkaca,161,84,430,583
Botol-Plastik-27-_jpeg.rf.cb30f747db0be4c90bcf5fd1b0713a27.jpg,640,640,botolplastik,238,43,445,596
Botol-Plastik-74-_jpeg.rf.cce380c90668e82757c7281e5584f5fa.jpg,640,640,botolplastik,21,250,581,455
Botol-Plastik-74-_jpeg.rf.cce380c90668e82757c7281e5584f5fa.jpg,640,640,botolplastik,22,160,540,344
Botol-Plastik-87-_jpeg.rf.c9709124d8861bbd0ddb2c0f2fabfdb0.jpg,640,640,Kaleng,0,172,636,481
Botol-Kaca-3-_jpeg.rf.cd705df3c20cc8b4d06acfeb4fdff837.jpg,640,640,botolkaca,371,72,520,615
Botol-Kaca-3-_jpeg.rf.cd705df3c20cc8b4d06acfeb4fdff837.jpg,640,640,botolkaca,244,75,384,618
Botol-Kaca-3-_jpeg.rf.cd705df3c20cc8b4d06acfeb4fdff837.jpg,640,640,botolkaca,94,11,269,625
Botol-Plastik-2024-04-25T174830-642_jpeg.rf.cb749c06af1f2b7ee63aad2b627dc3f8.jpg,640,640,Kaleng,177,199,345,322
Botol-Plastik-2024-04-25T174830-642_jpeg.rf.cb749c06af1f2b7ee63aad2b627dc3f8.jpg,640,640,Kaleng,17,83,223,241
Botol-Plastik-2024-04-25T174830-642_jpeg.rf.cb749c06af1f2b7ee63aad2b627dc3f8.jpg,640,640,Kaleng,0,196,159,366
Botol-Plastik-2024-04-25T174830-642_jpeg.rf.cb749c06af1f2b7ee63aad2b627dc3f8.jpg,640,640,Kaleng,83,6,324,175
Botol-Plastik-2024-04-25T174830-642_jpeg.rf.cb749c06af1f2b7ee63aad2b627dc3f8.jpg,640,640,Kaleng,341,63,482,195
Botol-Plastik-2024-04-25T174830-642_jpeg.rf.cb749c06af1f2b7ee63aad2b627dc3f8.jpg,640,640,Kaleng,342,234,484,334
Botol-Plastik-2024-04-25T174830-642_jpeg.rf.cb749c06af1f2b7ee63aad2b627dc3f8.jpg,640,640,Kaleng,18,425,249,572
Botol-Plastik-2024-04-25T174830-642_jpeg.rf.cb749c06af1f2b7ee63aad2b627dc3f8.jpg,640,640,Kaleng,151,491,348,620
Botol-Kaca-16-_jpeg.rf.ce698f99d582d52479a8773775aa414a.jpg,640,640,botolplastik,200,75,434,571
Botol-Plastik-82-_jpeg.rf.cec0399f746f4d72ccd7d5b398da1ee2.jpg,640,640,Kaleng,358,255,612,619
Botol-Plastik-82-_jpeg.rf.cec0399f746f4d72ccd7d5b398da1ee2.jpg,640,640,Kaleng,104,158,371,542
Botol-Plastik-82-_jpeg.rf.cec0399f746f4d72ccd7d5b398da1ee2.jpg,640,640,Kaleng,285,0,531,257
Kaleng-12_jpg.rf.cbddd1a01b6aa7ab4f00ccdca764cb1f.jpg,640,640,Kaleng,41,14,599,640
Botol-Kaca-72-_jpeg.rf.d32a0aab6b384e822b9f6bad617f0a0d.jpg,640,640,botolkaca,222,21,411,629
Botol-Plastik-93-_jpeg.rf.d2c90be3cb6c24a6088afb6a35b05981.jpg,640,640,botolplastik,223,6,414,632
Botol-Plastik-2024-04-25T172624-259_jpeg.rf.d2987e723a6f4b946d0045585c9b8f8d.jpg,640,640,botolplastik,0,285,363,533
Botol-Plastik-2024-04-25T172624-259_jpeg.rf.d2987e723a6f4b946d0045585c9b8f8d.jpg,640,640,botolplastik,0,1,514,252
Botol-Plastik-2024-04-25T172624-259_jpeg.rf.d2987e723a6f4b946d0045585c9b8f8d.jpg,640,640,botolplastik,0,171,510,409
Botol-Plastik-2024-04-25T172624-259_jpeg.rf.d2987e723a6f4b946d0045585c9b8f8d.jpg,640,640,botolplastik,0,381,477,605
Botol-Kaca-41-_jpeg.rf.d13305d954766439e87af23281bd35fc.jpg,640,640,botolkaca,149,10,489,590
Botol-Kaca-29-_jpeg.rf.d343cf9c2ae9cf6c5b3ec00a8d489d12.jpg,640,640,botolkaca,193,251,333,588
Botol-Kaca-29-_jpeg.rf.d343cf9c2ae9cf6c5b3ec00a8d489d12.jpg,640,640,botolkaca,339,230,477,558
Botol-Kaca-29-_jpeg.rf.d343cf9c2ae9cf6c5b3ec00a8d489d12.jpg,640,640,botolkaca,487,213,608,533
Botol-Kaca-29-_jpeg.rf.d343cf9c2ae9cf6c5b3ec00a8d489d12.jpg,640,640,botolkaca,131,203,261,523
Botol-Kaca-29-_jpeg.rf.d343cf9c2ae9cf6c5b3ec00a8d489d12.jpg,640,640,botolkaca,14,99,96,379
Botol-Kaca-29-_jpeg.rf.d343cf9c2ae9cf6c5b3ec00a8d489d12.jpg,640,640,botolkaca,55,131,135,417
Botol-Kaca-64-_jpeg.rf.d3a62f37b4bad196344c310ff1f26448.jpg,640,640,botolkaca,378,18,587,423
Botol-Kaca-64-_jpeg.rf.d3a62f37b4bad196344c310ff1f26448.jpg,640,640,botolkaca,202,18,392,331
Botol-Kaca-64-_jpeg.rf.d3a62f37b4bad196344c310ff1f26448.jpg,640,640,botolkaca,21,26,223,425
Jual-Botol-Kaca-500ml-APEL-Rekondisi-scaled_jpeg.rf.d4f1e1895a88e50dff7c84657fa20a5f.jpg,640,640,botolkaca,52,102,596,352
Botol-Plastik-2024-04-25T174829-121_jpeg.rf.d45c8b24417ca96ad8c46f0e18627431.jpg,640,640,Kaleng,46,347,640,640
Botol-Plastik-2024-04-25T174829-121_jpeg.rf.d45c8b24417ca96ad8c46f0e18627431.jpg,640,640,Kaleng,56,13,640,352
Botol-Plastik-92-_jpeg.rf.d36f8ee71a4a818120f77aa7e6f0c5af.jpg,640,640,botolplastik,195,0,434,637
Botolkaca5_jpg.rf.d58438abb8a7ccaef2625d12fb8a2850.jpg,640,640,botolkaca,14,13,627,319
Botolkaca5_jpg.rf.d58438abb8a7ccaef2625d12fb8a2850.jpg,640,640,botolkaca,31,324,625,637

Botol-Kaca-31-_jpeg.rf.d5c9bb9177f1fa807772d6c17e7e5599.jpg,640,640,botolkaca,0,115,575,539
Botol-Plastik-11-_jpeg.rf.d6437844cd2d5e79b17c8df0fdd98813.jpg,640,640,botolplastik,10,161,640,446
Botol-kaca-infus-250-ML-300x300_jpeg.rf.d6c65deb8578fd86cfcdcbb15cc6fead.jpg,640,640,botolkaca,95,58,614,335
Botol-kaca-infus-250-ML-300x300_jpeg.rf.d6c65deb8578fd86cfcdcbb15cc6fead.jpg,640,640,botolkaca,74,304,607,580
Botol-Kaca-31-_jpeg.rf.da4512fecbd9ec02ee332eaf6fdf818d.jpg,640,640,botolkaca,164,25,507,557
Botol-Kaca-32-_jpeg.rf.da671946c00b35f22833692ca10c01c5.jpg,640,640,botolplastik,69,49,311,543
Botol-Kaca-32-_jpeg.rf.da671946c00b35f22833692ca10c01c5.jpg,640,640,botolplastik,296,44,536,548
Botol-Plastik-64-_jpeg.rf.d5bea0377d617161a71a4b06f4ab4a7f.jpg,640,640,botolplastik,23,333,287,640
Botol-Plastik-64-_jpeg.rf.d5bea0377d617161a71a4b06f4ab4a7f.jpg,640,640,botolplastik,303,334,499,640
Botol-Plastik-64-_jpeg.rf.d5bea0377d617161a71a4b06f4ab4a7f.jpg,640,640,botolplastik,543,301,640,626
Botol-Plastik-64-_jpeg.rf.d5bea0377d617161a71a4b06f4ab4a7f.jpg,640,640,botolplastik,165,233,364,640
Botol-Plastik-64-_jpeg.rf.d5bea0377d617161a71a4b06f4ab4a7f.jpg,640,640,botolplastik,402,206,609,639
Botol-Kaca-15-_jpeg.rf.e06572d442b53bcd241d7a8edd43ea12.jpg,640,640,botolplastik,230,111,389,552
Botolkaca11_jpg.rf.dbfc60fb0b6b760250290eb0e794549a.jpg,640,640,botolkaca,110,154,257,503
Botolkaca11_jpg.rf.dbfc60fb0b6b760250290eb0e794549a.jpg,640,640,botolkaca,260,139,397,460
Botolkaca11_jpg.rf.dbfc60fb0b6b760250290eb0e794549a.jpg,640,640,botolkaca,407,141,530,434
Botol-Kaca-75-_jpeg.rf.d8e500cef722bdcc41deb5cf56c14322.jpg,640,640,botolkaca,5,0,613,150
Botol-Kaca-75-_jpeg.rf.d8e500cef722bdcc41deb5cf56c14322.jpg,640,640,botolkaca,96,93,619,271
Botol-Kaca-75-_jpeg.rf.d8e500cef722bdcc41deb5cf56c14322.jpg,640,640,botolkaca,137,216,640,406
Botol-Kaca-75-_jpeg.rf.d8e500cef722bdcc41deb5cf56c14322.jpg,640,640,botolkaca,180,351,640,519
Botol-Kaca-75-_jpeg.rf.d8e500cef722bdcc41deb5cf56c14322.jpg,640,640,botolkaca,91,473,640,638
20170411_112828_jpeg.rf.dd4dafcdb4c46c12c51fb8d4045a433a.jpg,640,640,botolkaca,178,43,436,583
20170411_112828-e1508760907862_jpeg.rf.e3dc844dee990da247e1f1b87cf64232.jpg,640,640,botolkaca,185,37,427,586
Botol-Plastik-24-_jpeg.rf.d3609876c5aafcb14d0e8ced9c8d22ea.jpg,640,640,botolplastik,149,12,459,584
320328319_d43e125f-f2b6-48b6-8da3-4fe4eb97ee8b_780_1040_jpeg.rf.e3ab069ac1face75088543f4ed887c93.jpg,640,640,botolkaca,49,47,551,324
320328319_d43e125f-f2b6-48b6-8da3-4fe4eb97ee8b_780_1040_jpeg.rf.e3ab069ac1face75088543f4ed887c93.jpg,640,640,botolkaca,42,241,536,552
IMG20190319142546_jpeg.rf.e24bb0e9d12dd21b929f8288346fcfeb.jpg,640,640,botolkaca,140,73,492,624
Botol-Plastik-76-_jpeg.rf.e155f27c24eb0be27054aacdcc796553.jpg,640,640,botolplastik,143,0,469,636
Botol-Plastik-73-_jpeg.rf.e4e4e5c8c2e4cf0663b9a3c52894eb96.jpg,640,640,botolplastik,237,457,623,604
Botol-Plastik-73-_jpeg.rf.e4e4e5c8c2e4cf0663b9a3c52894eb96.jpg,640,640,botolplastik,193,345,607,483
Botol-Plastik-73-_jpeg.rf.e4e4e5c8c2e4cf0663b9a3c52894eb96.jpg,640,640,botolplastik,308,237,616,373
Botol-Plastik-73-_jpeg.rf.e4e4e5c8c2e4cf0663b9a3c52894eb96.jpg,640,640,botolplastik,161,130,585,260
Botol-Plastik-73-_jpeg.rf.e4e4e5c8c2e4cf0663b9a3c52894eb96.jpg,640,640,botolplastik,68,394,599,553
Botol-Plastik-73-_jpeg.rf.e4e4e5c8c2e4cf0663b9a3c52894eb96.jpg,640,640,botolplastik,85,286,592,443
Botol-Plastik-73-_jpeg.rf.e4e4e5c8c2e4cf0663b9a3c52894eb96.jpg,640,640,botolplastik,50,189,584,348
Botol-Plastik-73-_jpeg.rf.e4e4e5c8c2e4cf0663b9a3c52894eb96.jpg,640,640,botolplastik,64,80,557,213
Botol-Plastik-2024-04-25T174836-092_jpeg.rf.e4bfc22a04c7f65d542db7d5caa5a874.jpg,640,640,Kaleng,140,56,474,640
Botolkaca14_jpg.rf.e57d43dc0ee31986d0a881e6d3e2e0e4.jpg,640,640,botolkaca,163,45,485,611
Botol-Kaca-1-_jpeg.rf.e686ecf879cdde8de4cb91f14264637c.jpg,640,640,botolkaca,0,159,625,492
Botol-Plastik-85-_jpeg.rf.ea762a4523b3372128ca904a42d17b46.jpg,640,640,botolplastik,0,0,130,609
Botol-Plastik-85-_jpeg.rf.ea762a4523b3372128ca904a42d17b46.jpg,640,640,botolplastik,64,4,219,614
Botol-Plastik-85-_jpeg.rf.ea762a4523b3372128ca904a42d17b46.jpg,640,640,botolplastik,160,95,299,621
Botol-Plastik-85-_jpeg.rf.ea762a4523b3372128ca904a42d17b46.jpg,640,640,botolplastik,239,98,386,632
Botol-Plastik-85-_jpeg.rf.ea762a4523b3372128ca904a42d17b46.jpg,640,640,botolplastik,329,110,476,633
Botol-Plastik-85-_jpeg.rf.ea762a4523b3372128ca904a42d17b46.jpg,640,640,botolplastik,429,16,588,638
Botol-Plastik-85-_jpeg.rf.ea762a4523b3372128ca904a42d17b46.jpg,640,640,botolplastik,528,23,640,637
Botolkaca4_jpg.rf.e5b47351dc721822f10906063d92d896.jpg,640,640,botolkaca,0,4,640,282
Botolkaca4_jpg.rf.e5b47351dc721822f10906063d92d896.jpg,640,640,botolkaca,29,202,640,482
Botolkaca4_jpg.rf.e5b47351dc721822f10906063d92d896.jpg,640,640,botolkaca,57,388,640,640
Botol-kaca-infus-250-ML-300x300_jpeg.rf.ebaedf4343d9fc909983e8b749e2d042.jpg,640,640,botolkaca,16,61,539,333
Botol-kaca-infus-250-ML-300x300_jpeg.rf.ebaedf4343d9fc909983e8b749e2d042.jpg,640,640,botolkaca,16,305,552,575
Botol-Plastik-60-_jpeg.rf.e92bd681fb8becf032d3183a7e85461a.jpg,640,640,botolplastik,225,299,575,553
Botol-Plastik-60-_jpeg.rf.e92bd681fb8becf032d3183a7e85461a.jpg,640,640,botolplastik,26,112,291,496
Botol-Plastik-60-_jpeg.rf.e92bd681fb8becf032d3183a7e85461a.jpg,640,640,botolplastik,85,357,314,640
Botol-Plastik-60-_jpeg.rf.e92bd681fb8becf032d3183a7e85461a.jpg,640,640,botolplastik,96,0,424,281
Botol-Plastik-89-_jpeg.rf.ec27b2730c9f688734c142838554cb5b.jpg,640,640,Kaleng,169,31,464,599
IMG20190319150838_jpeg.rf.ea80388d9dae59d1ee9fe7b1db201c5d.jpg,640,640,botolkaca,29,199,548,472
Botol-Kaca-45-_jpeg.rf.ed0144965350ea06539d0d5756a3a72d.jpg,640,640,botolplastik,459,6,640,635
Botol-Kaca-45-_jpeg.rf.ed0144965350ea06539d0d5756a3a72d.jpg,640,640,botolplastik,347,76,516,635
Botol-Kaca-45-_jpeg.rf.ed0144965350ea06539d0d5756a3a72d.jpg,640,640,botolplastik,234,110,388,640
Botol-Kaca-45-_jpeg.rf.ed0144965350ea06539d0d5756a3a72d.jpg,640,640,botolplastik,112,139,274,636
Botol-Kaca-45-_jpeg.rf.ed0144965350ea06539d0d5756a3a72d.jpg,640,640,botolplastik,6,221,141,621
Botol-Kaca-69-_jpeg.rf.ee33aab9dca72e7b0ba1cb8faae6d051.jpg,640,640,botolkaca,15,5,153,633
Botol-Kaca-69-_jpeg.rf.ee33aab9dca72e7b0ba1cb8faae6d051.jpg,640,640,botolkaca,177,7,315,634
Botol-Kaca-69-_jpeg.rf.ee33aab9dca72e7b0ba1cb8faae6d051.jpg,640,640,botolkaca,332,6,457,638
Botol-Kaca-69-_jpeg.rf.ee33aab9dca72e7b0ba1cb8faae6d051.jpg,640,640,botolkaca,483,1,616,637
20170411_112828_jpeg.rf.eb5467056c77d03ca402f394ab577ae1.jpg,640,640,botolkaca,39,180,620,469
Botol-Plastik-2024-04-25T174828-601_jpeg.rf.ed3f4515950483742e22a4d642a42ad9.jpg,640,640,Kaleng,109,463,185,603
Botol-Plastik-2024-04-25T174828-601_jpeg.rf.ed3f4515950483742e22a4d642a42ad9.jpg,640,640,Kaleng,92,262,247,427
Botol-Plastik-2024-04-25T174828-601_jpeg.rf.ed3f4515950483742e22a4d642a42ad9.jpg,640,640,Kaleng,351,462,425,600
Botol-Plastik-2024-04-25T174828-601_jpeg.rf.ed3f4515950483742e22a4d642a42ad9.jpg,640,640,Kaleng,318,363,420,495
Botol-Plastik-2024-04-25T174828-601_jpeg.rf.ed3f4515950483742e22a4d642a42ad9.jpg,640,640,Kaleng,464,307,583,443
Botol-Kaca-40-_jpeg.rf.f1d9131174de3952f7c1bec378fd8fe1.jpg,640,640,botolkaca,219,15,436,628
Botol-Plastik-24-_jpeg.rf.ee5c7cc1ae9a865035a3b45a378dd5fe.jpg,640,640,botolplastik,200,21,540,628
IMG20190319150148_jpeg.rf.f4fe414442bbd92c349a8fe24fee6000.jpg,640,640,botolkaca,13,140,576,472
Botol-Plastik-2024-04-25T174835-994_jpeg.rf.f2c82b425ce1f21c0581aebf07ebe038.jpg,640,640,Kaleng,0,20,636,640
Botol-Kaca-36-_jpeg.rf.f3475aedce20effaf7735af2f1825e76.jpg,640,640,botolplastik,204,19,428,596
Botol-Kaca-84-_jpeg.rf.ee0dbaa162215df2e178e42aeea1e201.jpg,640,640,botolkaca,13,83,617,529
Botol-Plastik-5-_jpeg.rf.f61af37da1a8ddb8b56a8285cea7699d.jpg,640,640,botolplastik,47,101,605,340
Botol-Plastik-5-_jpeg.rf.f61af37da1a8ddb8b56a8285cea7699d.jpg,640,640,botolplastik,3,215,313,640
Botol-Kaca-64-_jpeg.rf.f96bd43da61db7c3dcaf7ec96d44a749.jpg,640,640,botolkaca,372,0,572,392
Botol-Kaca-64-_jpeg.rf.f96bd43da61db7c3dcaf7ec96d44a749.jpg,640,640,botolkaca,196,0,380,303
Botol-Kaca-64-_jpeg.rf.f96bd43da61db7c3dcaf7ec96d44a749.jpg,640,640,botolkaca,8,8,200,403
Botol-Kaca-29-_jpeg.rf.fa9bb6b9d2a21f917920f9a10900576e.jpg,640,640,botolkaca,176,220,364,579
Botol-Kaca-29-_jpeg.rf.fa9bb6b9d2a21f917920f9a10900576e.jpg,640,640,botolkaca,323,207,509,557
Botol-Kaca-29-_jpeg.rf.fa9bb6b9d2a21f917920f9a10900576e.jpg,640,640,botolkaca,473,199,640,538
Botol-Kaca-29-_jpeg.rf.fa9bb6b9d2a21f917920f9a10900576e.jpg,640,640,botolkaca,118,170,295,510
Botol-Kaca-29-_jpeg.rf.fa9bb6b9d2a21f917920f9a10900576e.jpg,640,640,botolkaca,12,61,134,354
Botol-Kaca-29-_jpeg.rf.fa9bb6b9d2a21f917920f9a10900576e.jpg,640,640,botolkaca,50,96,171,395
IMG20190319142546_jpeg.rf.fd015be44e3a646e1d2755e4239213b7.jpg,640,640,botolkaca,173,50,465,556
Kaleng-13_jpg.rf.fdb69e94e422e5518343000d40ca7655.jpg,640,640,Kaleng,115,42,559,640
Botol-Plastik-87-_jpeg.rf.feb2d32a9da98979cc87e6d908ff28b8.jpg,640,640,Kaleng,0,162,632,512
Botol-Kaca-50-_jpeg.rf.fead6dcfc1d5d47ab371735582607e12.jpg,640,640,botolkaca,250,32,391,619
Kaleng-11_jpg.rf.fc23ab9201d63e7c0fbc220e4cc30724.jpg,640,640,Kaleng,117,0,390,591
Botol-Kaca-48-_jpeg.rf.ff14386aa99bef3af61b36093d2d97da.jpg,640,640,botolkaca,15,4,584,157
Botol-Kaca-48-_jpeg.rf.ff14386aa99bef3af61b36093d2d97da.jpg,640,640,botolkaca,23,151,584,316
Botol-Kaca-48-_jpeg.rf.ff14386aa99bef3af61b36093d2d97da.jpg,640,640,botolkaca,19,323,578,471
Botol-Kaca-48-_jpeg.rf.ff14386aa99bef3af61b36093d2d97da.jpg,640,640,botolkaca,23,478,583,638
Botol-Plastik-2024-04-25T174835-368_jpeg.rf.fdf85d1f50466b35d168212f4e8ddcf2.jpg,640,640,Kaleng,65,123,587,486
Botol-Kaca-28-_jpeg.rf.ffcbdd9a1136d1ee55947f1058071e66.jpg,640,640,botolkaca,380,224,467,534
Botol-Kaca-28-_jpeg.rf.ffcbdd9a1136d1ee55947f1058071e66.jpg,640,640,botolkaca,270,208,356,525
Botol-Kaca-62-_jpeg.rf.f797687c08fd25b35f6ca49f7c916d56.jpg,640,640,botolkaca,101,54,566,610
Botol-Plastik-24-_jpeg.rf.fd1ab12746125c90d98e913559e33b4f.jpg,640,640,botolplastik,164,62,418,600
Botol-Kaca-5-_jpeg.rf.fddadc46da4c0b0af1f211e75bc2e42e.jpg,640,640,botolkaca,55,145,593,410
Botol-Plastik-73-_jpeg.rf.02c9d7a0f91a683fa43318b815b30fb6.jpg,640,640,botolplastik,82,227,181,573
Botol-Plastik-73-_jpeg.rf.02c9d7a0f91a683fa43318b815b30fb6.jpg,640,640,botolplastik,198,201,286,574
Botol-Plastik-73-_jpeg.rf.02c9d7a0f91a683fa43318b815b30fb6.jpg,640,640,botolplastik,287,322,384,596
Botol-Plastik-73-_jpeg.rf.02c9d7a0f91a683fa43318b815b30fb6.jpg,640,640,botolplastik,407,199,486,582
Botol-Plastik-73-_jpeg.rf.02c9d7a0f91a683fa43318b815b30fb6.jpg,640,640,botolplastik,146,76,241,559
Botol-Plastik-73-_jpeg.rf.02c9d7a0f91a683fa43318b815b30fb6.jpg,640,640,botolplastik,246,107,342,567
Botol-Plastik-73-_jpeg.rf.02c9d7a0f91a683fa43318b815b30fb6.jpg,640,640,botolplastik,337,87,432,571
Botol-Plastik-73-_jpeg.rf.02c9d7a0f91a683fa43318b815b30fb6.jpg,640,640,botolplastik,460,115,535,563
Botol-Kaca-4-_jpeg.rf.018bb9114dc84928a74da9a2754d4d27.jpg,640,640,botolplastik,104,346,165,583
Botol-Kaca-4-_jpeg.rf.018bb9114dc84928a74da9a2754d4d27.jpg,640,640,botolplastik,165,329,245,580
Botol-Kaca-4-_jpeg.rf.018bb9114dc84928a74da9a2754d4d27.jpg,640,640,botolplastik,243,301,315,595
Botol-Kaca-4-_jpeg.rf.018bb9114dc84928a74da9a2754d4d27.jpg,640,640,botolplastik,312,273,387,600
Botol-Kaca-4-_jpeg.rf.018bb9114dc84928a74da9a2754d4d27.jpg,640,640,botolplastik,406,230,480,589
Botol-Kaca-4-_jpeg.rf.018bb9114dc84928a74da9a2754d4d27.jpg,640,640,botolplastik,483,216,578,583
Botol-Plastik-58-_jpeg.rf.0047fc223d0bbc5725a20e2bb2796abf.jpg,640,640,botolplastik,189,20,443,624
Botol-Plastik-85-_jpeg.rf.0041f7f9236762b7a41e1a0658fddc9a.jpg,640,640,botolplastik,13,41,92,620
Botol-Plastik-85-_jpeg.rf.0041f7f9236762b7a41e1a0658fddc9a.jpg,640,640,botolplastik,102,49,178,617
Botol-Plastik-85-_jpeg.rf.0041f7f9236762b7a41e1a0658fddc9a.jpg,640,640,botolplastik,191,126,263,615
Botol-Plastik-85-_jpeg.rf.0041f7f9236762b7a41e1a0658fddc9a.jpg,640,640,botolplastik,266,122,344,617
Botol-Plastik-85-_jpeg.rf.0041f7f9236762b7a41e1a0658fddc9a.jpg,640,640,botolplastik,350,125,429,610
Botol-Plastik-85-_jpeg.rf.0041f7f9236762b7a41e1a0658fddc9a.jpg,640,640,botolplastik,448,26,526,613
Botol-Plastik-85-_jpeg.rf.0041f7f9236762b7a41e1a0658fddc9a.jpg,640,640,botolplastik,542,25,628,612
Botol-Kaca_jpeg.rf.05c46bf8f249796367b2da4d14b520a9.jpg,640,640,botolkaca,25,161,548,455
Botol-Plastik-76-_jpeg.rf.00227428729663caa6f49d987794264b.jpg,640,640,botolplastik,206,13,429,621
IMG20190319150633_jpeg.rf.03db3ca50a84563ad04dff9b10925361.jpg,640,640,botolkaca,24,183,639,486
Botol-Kaca-62-_jpeg.rf.0403d62dc599f3f7c00a1f2048864592.jpg,640,640,botolkaca,100,128,607,548
Botol-Kaca-3-_jpeg.rf.0090b007619b3ed96239d046abde0db7.jpg,640,640,botolkaca,145,96,261,614
Botol-Kaca-3-_jpeg.rf.0090b007619b3ed96239d046abde0db7.jpg,640,640,botolkaca,274,96,381,614
Botol-Kaca-3-_jpeg.rf.0090b007619b3ed96239d046abde0db7.jpg,640,640,botolkaca,385,32,522,618
Botol-Plastik-12-_jpeg.rf.05c5869001d4afe3398f6a242206e6b5.jpg,640,640,botolplastik,19,58,320,468
Botol-Plastik-12-_jpeg.rf.05c5869001d4afe3398f6a242206e6b5.jpg,640,640,botolplastik,341,2,602,449
Botol-Plastik-16-_jpeg.rf.072202216527b5a82ce715ef95614c77.jpg,640,640,botolplastik,194,239,320,621
Botol-Plastik-16-_jpeg.rf.072202216527b5a82ce715ef95614c77.jpg,640,640,botolplastik,329,163,492,622
Botol-Plastik-16-_jpeg.rf.072202216527b5a82ce715ef95614c77.jpg,640,640,botolplastik,418,21,570,613
Botol-Plastik-16-_jpeg.rf.072202216527b5a82ce715ef95614c77.jpg,640,640,botolplastik,104,30,262,606
Botol-Plastik-16-_jpeg.rf.072202216527b5a82ce715ef95614c77.jpg,640,640,botolplastik,259,55,403,604
Botol-Plastik-89-_jpeg.rf.05fca919be355512cb48cae56d2eb821.jpg,640,640,Kaleng,0,105,633,507
Botol-Plastik-2024-04-25T174835-694_jpeg.rf.060e2dfb3b706ea1c4080a8d1dc00513.jpg,640,640,Kaleng,215,71,640,324
Botol-Plastik-2024-04-25T174835-694_jpeg.rf.060e2dfb3b706ea1c4080a8d1dc00513.jpg,640,640,Kaleng,111,0,539,159
Botol-Plastik-2024-04-25T174835-694_jpeg.rf.060e2dfb3b706ea1c4080a8d1dc00513.jpg,640,640,Kaleng,90,237,532,451
Botol-Plastik-2024-04-25T174835-694_jpeg.rf.060e2dfb3b706ea1c4080a8d1dc00513.jpg,640,640,Kaleng,173,418,543,621
Botol-Plastik-2024-04-25T174835-694_jpeg.rf.060e2dfb3b706ea1c4080a8d1dc00513.jpg,640,640,Kaleng,19,190,289,371
Botol-Plastik-2024-04-25T174835-694_jpeg.rf.060e2dfb3b706ea1c4080a8d1dc00513.jpg,640,640,Kaleng,16,356,399,555
Botol-Plastik-58-_jpeg.rf.096f1883deb56f8c478ce6d47f9a6716.jpg,640,640,botolplastik,173,18,481,640
Botol-Plastik-74-_jpeg.rf.09e1887435f4bdf40537f64296565373.jpg,640,640,botolplastik,279,48,442,587
Botol-Plastik-74-_jpeg.rf.09e1887435f4bdf40537f64296565373.jpg,640,640,botolplastik,186,48,331,547
251258366_3e94bf8f-805d-47e7-9652-cfd8b3cfd7b0_1134_1134_jpeg.rf.09db987acd657b4e0ac32949d76abd07.jpg,640,640,botolkaca,331,81,552,608
251258366_3e94bf8f-805d-47e7-9652-cfd8b3cfd7b0_1134_1134_jpeg.rf.09db987acd657b4e0ac32949d76abd07.jpg,640,640,botolkaca,133,369,358,599
Botol-Kaca-76-_jpeg.rf.0834eea5f94a69baa0e720594606ab0b.jpg,640,640,botolkaca,24,0,640,181
Botol-Kaca-76-_jpeg.rf.0834eea5f94a69baa0e720594606ab0b.jpg,640,640,botolkaca,25,93,605,298
Botol-Kaca-76-_jpeg.rf.0834eea5f94a69baa0e720594606ab0b.jpg,640,640,botolkaca,21,222,543,423
Botol-Kaca-76-_jpeg.rf.0834eea5f94a69baa0e720594606ab0b.jpg,640,640,botolkaca,29,354,610,540
Botol-Kaca-76-_jpeg.rf.0834eea5f94a69baa0e720594606ab0b.jpg,640,640,botolkaca,17,464,572,640
Botol-Plastik-78-_jpeg.rf.0a30c1bb97bb2de33ace6dfd379a732b.jpg,640,640,Kaleng,24,7,626,638
Botol-Kaca-18-_jpeg.rf.0b8d82ceb5685f9b0db8c67c7bea7118.jpg,640,640,botolkaca,235,256,380,640
Botol-Kaca-18-_jpeg.rf.0b8d82ceb5685f9b0db8c67c7bea7118.jpg,640,640,botolkaca,364,159,552,640
Botol-Kaca-18-_jpeg.rf.0b8d82ceb5685f9b0db8c67c7bea7118.jpg,640,640,botolkaca,474,205,605,580
Botol-Kaca-18-_jpeg.rf.0b8d82ceb5685f9b0db8c67c7bea7118.jpg,640,640,botolkaca,137,98,303,581
Botol-Kaca-18-_jpeg.rf.0b8d82ceb5685f9b0db8c67c7bea7118.jpg,640,640,botolkaca,0,42,178,493
Botol-Plastik-79-_jpeg.rf.0cc19387bc5a807cf9a2b94d9ff182c2.jpg,640,640,botolplastik,24,15,165,626
Botol-Plastik-79-_jpeg.rf.0cc19387bc5a807cf9a2b94d9ff182c2.jpg,640,640,botolplastik,239,56,390,619
Botol-Plastik-79-_jpeg.rf.0cc19387bc5a807cf9a2b94d9ff182c2.jpg,640,640,botolplastik,470,48,613,619
Botol-Plastik-2024-04-25T174830-642_jpeg.rf.0aee56d6e3995643e11d463093b164e9.jpg,640,640,Kaleng,202,295,312,448
Botol-Plastik-2024-04-25T174830-642_jpeg.rf.0aee56d6e3995643e11d463093b164e9.jpg,640,640,Kaleng,100,414,241,601
Botol-Plastik-2024-04-25T174830-642_jpeg.rf.0aee56d6e3995643e11d463093b164e9.jpg,640,640,Kaleng,208,470,361,640
Botol-Plastik-2024-04-25T174830-642_jpeg.rf.0aee56d6e3995643e11d463093b164e9.jpg,640,640,Kaleng,25,322,175,542
Botol-Plastik-2024-04-25T174830-642_jpeg.rf.0aee56d6e3995643e11d463093b164e9.jpg,640,640,Kaleng,70,172,187,300
Botol-Plastik-2024-04-25T174830-642_jpeg.rf.0aee56d6e3995643e11d463093b164e9.jpg,640,640,Kaleng,229,164,317,294
Botol-Plastik-2024-04-25T174830-642_jpeg.rf.0aee56d6e3995643e11d463093b164e9.jpg,640,640,Kaleng,421,377,550,588
Botol-Plastik-2024-04-25T174830-642_jpeg.rf.0aee56d6e3995643e11d463093b164e9.jpg,640,640,Kaleng,477,281,591,461
Botol-Kaca-76-_jpeg.rf.0c33ec88a455acddc650466260530acc.jpg,640,640,botolkaca,20,20,159,620
Botol-Kaca-76-_jpeg.rf.0c33ec88a455acddc650466260530acc.jpg,640,640,botolkaca,144,62,276,612
Botol-Kaca-76-_jpeg.rf.0c33ec88a455acddc650466260530acc.jpg,640,640,botolkaca,268,117,403,610
Botol-Kaca-76-_jpeg.rf.0c33ec88a455acddc650466260530acc.jpg,640,640,botolkaca,398,43,512,597
Botol-Kaca-76-_jpeg.rf.0c33ec88a455acddc650466260530acc.jpg,640,640,botolkaca,506,73,612,607
Botol-Plastik-2024-04-25T174835-368_jpeg.rf.0c065aa992ed5dcfdee923a9e3296858.jpg,640,640,Kaleng,133,42,508,572
Botol-Kaca-21-_jpeg.rf.0cc59bda7d9bfbb91cdec1fd0d1f43d3.jpg,640,640,botolplastik,220,36,413,603
Botol-Kaca-17-_jpeg.rf.0c6e0dbfdf1b3bd6c0e5292f4931cd1d.jpg,640,640,botolkaca,239,69,399,610
Botol-Kaca-75-_jpeg.rf.0d8a1feb874149a55c9f4d93aaa41a81.jpg,640,640,botolkaca,488,20,640,619
Botol-Kaca-75-_jpeg.rf.0d8a1feb874149a55c9f4d93aaa41a81.jpg,640,640,botolkaca,366,20,543,535
Botol-Kaca-75-_jpeg.rf.0d8a1feb874149a55c9f4d93aaa41a81.jpg,640,640,botolkaca,231,0,419,500
Botol-Kaca-75-_jpeg.rf.0d8a1feb874149a55c9f4d93aaa41a81.jpg,640,640,botolkaca,119,6,286,465
Botol-Kaca-75-_jpeg.rf.0d8a1feb874149a55c9f4d93aaa41a81.jpg,640,640,botolkaca,0,1,167,559
Botolkaca4_jpg.rf.0eea23955f1bc46ffb72f160c6d92f94.jpg,640,640,botolkaca,49,29,240,633
Botolkaca4_jpg.rf.0eea23955f1bc46ffb72f160c6d92f94.jpg,640,640,botolkaca,245,30,438,640
Botolkaca4_jpg.rf.0eea23955f1bc46ffb72f160c6d92f94.jpg,640,640,botolkaca,428,26,629,627
Botol-Kaca-36-_jpeg.rf.0e0ce0ca38e6b3e029178fd644ccfaeb.jpg,640,640,botolplastik,218,26,405,578
Botol-Plastik-64-_jpeg.rf.0dd8409937360b5f0e5d7a6dc5457c0c.jpg,640,640,botolplastik,0,298,235,637
Botol-Plastik-64-_jpeg.rf.0dd8409937360b5f0e5d7a6dc5457c0c.jpg,640,640,botolplastik,246,362,454,640
Botol-Plastik-64-_jpeg.rf.0dd8409937360b5f0e5d7a6dc5457c0c.jpg,640,640,botolplastik,499,384,624,640
Botol-Plastik-64-_jpeg.rf.0dd8409937360b5f0e5d7a6dc5457c0c.jpg,640,640,botolplastik,116,222,331,640
Botol-Plastik-64-_jpeg.rf.0dd8409937360b5f0e5d7a6dc5457c0c.jpg,640,640,botolplastik,365,255,587,640
Kaleng-14_jpg.rf.0e3d44e2f32b8e2778a3da4eff13d67b.jpg,640,640,Kaleng,85,172,452,640
Botol-Plastik-2024-04-25T174832-896_jpeg.rf.0fb4fca6810407337d6b809087906b09.jpg,640,640,Kaleng,197,16,437,610
Botol-Plastik-2024-04-25T174835-305_jpeg.rf.0faab6d90bf60ce7d16d9cd099540310.jpg,640,640,Kaleng,7,12,196,521
Botol-Plastik-2024-04-25T174835-305_jpeg.rf.0faab6d90bf60ce7d16d9cd099540310.jpg,640,640,Kaleng,117,147,295,631
Botol-Plastik-2024-04-25T174835-305_jpeg.rf.0faab6d90bf60ce7d16d9cd099540310.jpg,640,640,Kaleng,271,59,414,519
Botol-Plastik-2024-04-25T174835-305_jpeg.rf.0faab6d90bf60ce7d16d9cd099540310.jpg,640,640,Kaleng,389,173,576,579
Botol-Plastik-2024-04-25T174835-305_jpeg.rf.0faab6d90bf60ce7d16d9cd099540310.jpg,640,640,Kaleng,481,42,630,390
Botol-Kaca-49-_jpeg.rf.0df26993f7b0acf69737af3b7de78564.jpg,640,640,botolkaca,46,19,411,630
Botol-Kaca-49-_jpeg.rf.0df26993f7b0acf69737af3b7de78564.jpg,640,640,botolkaca,275,16,594,570
Botol-Plastik-89-_jpeg.rf.10b8885734a2563b20a530dc3b0b27e0.jpg,640,640,Kaleng,30,129,614,472

Botol-Plastik-78-_jpeg.rf.140fc8be590078b98c6f3dff9200d6ec.jpg,640,640,Kaleng,0,0,640,640
Botol-Kaca-20-_jpeg.rf.1058b89252fdd24438c73137027a0d0d.jpg,640,640,botolkaca,178,0,469,638
20170411_112828-e1508760907862_jpeg.rf.15ca080f8674ff178de2ca78cc738c71.jpg,640,640,botolkaca,156,18,482,638
Botol-Plastik-74-_jpeg.rf.109505ef3fb0495bc951eb8f8db6de8c.jpg,640,640,botolplastik,43,256,615,480
Botol-Plastik-74-_jpeg.rf.109505ef3fb0495bc951eb8f8db6de8c.jpg,640,640,botolplastik,93,165,622,365
Botol-Kaca-23-_jpeg.rf.17215b7cd8db724d5e83b84936342ad1.jpg,640,640,botolkaca,13,0,640,632
Botol-Plastik-2024-04-25T174835-629_jpeg.rf.199e5baa058ca722ce93f0af291b4e0d.jpg,640,640,Kaleng,343,14,599,572

Kaleng-11_jpg.rf.1aebb62be30e716dfafb0ed248cd2263.jpg,640,640,Kaleng,265,10,551,615
Botol-Plastik-2024-04-25T174829-121_jpeg.rf.1d2acbd0086546a776de36bc2a8ad1c7.jpg,640,640,Kaleng,22,330,615,637
Botol-Plastik-2024-04-25T174829-121_jpeg.rf.1d2acbd0086546a776de36bc2a8ad1c7.jpg,640,640,Kaleng,13,9,580,331
Jual-Botol-Kaca-350ml-JUICE-Rekondisi-scaled_jpeg.rf.1f397cba6461540207fc1ab69ef27169.jpg,640,640,botolkaca,341,58,609,640
Jual-Botol-Kaca-350ml-JUICE-Rekondisi-scaled_jpeg.rf.1f397cba6461540207fc1ab69ef27169.jpg,640,640,botolkaca,1,34,279,601
Kaleng10_jpg.rf.1e3442d39fb86e84340a817b293e11cf.jpg,640,640,Kaleng,191,54,585,599
Botol-Kaca-30-_jpeg.rf.1eaa404501ec6e22faeb8a9ebd8f70a1.jpg,640,640,botolkaca,377,67,604,469
Botol-Kaca-30-_jpeg.rf.1eaa404501ec6e22faeb8a9ebd8f70a1.jpg,640,640,botolkaca,188,69,408,387
Botol-Kaca-30-_jpeg.rf.1eaa404501ec6e22faeb8a9ebd8f70a1.jpg,640,640,botolkaca,0,87,231,492
Botol-Kaca-20-_jpeg.rf.1cae9823b57ff0bde61fcc600cbf8bea.jpg,640,640,botolkaca,169,7,482,640
Botol-Kaca-23-_jpeg.rf.2301c635f6b62c866d28499f97b79b87.jpg,640,640,botolkaca,0,0,640,627
Botol-Kaca-34-_jpeg.rf.22adf6df2c8b1dadf16d93c0f99b5bac.jpg,640,640,botolkaca,75,148,640,469
Botol-Kaca-50-_jpeg.rf.231a06158de50d137f772ab8ba67a4b4.jpg,640,640,botolkaca,15,214,617,395
Botol-Plastik-2024-04-25T172624-259_jpeg.rf.24a5316b1f100870cb6a0f0138f83a44.jpg,640,640,botolplastik,29,93,400,341
Botol-Plastik-2024-04-25T172624-259_jpeg.rf.24a5316b1f100870cb6a0f0138f83a44.jpg,640,640,botolplastik,6,366,490,632
Botol-Plastik-2024-04-25T172624-259_jpeg.rf.24a5316b1f100870cb6a0f0138f83a44.jpg,640,640,botolplastik,16,220,516,463
Botol-Plastik-2024-04-25T172624-259_jpeg.rf.24a5316b1f100870cb6a0f0138f83a44.jpg,640,640,botolplastik,37,36,520,264
Botolkaca8_jpg.rf.1e71d59c813ac95e5b19e5a9d480797d.jpg,640,640,botolkaca,303,18,496,581
Botolkaca8_jpg.rf.1e71d59c813ac95e5b19e5a9d480797d.jpg,640,640,botolkaca,152,27,335,583
Botol-Kaca-17-_jpeg.rf.22d391bc0ba9ef0dcafee52ae97acc91.jpg,640,640,botolkaca,0,221,584,435
Botol-Kaca-35-_jpeg.rf.2442247f16a8f0c80dd50a334dda06b7.jpg,640,640,botolplastik,220,72,411,565
Botol-Kaca-48-_jpeg.rf.207936754563dd088317eac5ebeea0da.jpg,640,640,botolkaca,0,47,178,640
Botol-Kaca-48-_jpeg.rf.207936754563dd088317eac5ebeea0da.jpg,640,640,botolkaca,119,30,341,618
Botol-Kaca-48-_jpeg.rf.207936754563dd088317eac5ebeea0da.jpg,640,640,botolkaca,295,19,501,605
Botol-Kaca-48-_jpeg.rf.207936754563dd088317eac5ebeea0da.jpg,640,640,botolkaca,456,0,640,584
Botol-Kaca-23-_jpeg.rf.297e48535cbc744a84b061186a778462.jpg,640,640,botolkaca,51,61,598,633
Botol-Kaca-28-_jpeg.rf.272d05baf1032ab2cf73f13d28a51556.jpg,640,640,botolkaca,168,145,484,260
Botol-Kaca-28-_jpeg.rf.272d05baf1032ab2cf73f13d28a51556.jpg,640,640,botolkaca,174,258,497,371
Botol-Kaca-4-_jpeg.rf.2908ab01c3190ca7958a3124da976595.jpg,640,640,botolplastik,50,85,297,160
Botol-Kaca-4-_jpeg.rf.2908ab01c3190ca7958a3124da976595.jpg,640,640,botolplastik,46,146,310,243
Botol-Kaca-4-_jpeg.rf.2908ab01c3190ca7958a3124da976595.jpg,640,640,botolplastik,27,226,333,317
Botol-Kaca-4-_jpeg.rf.2908ab01c3190ca7958a3124da976595.jpg,640,640,botolplastik,18,294,357,391
Botol-Kaca-4-_jpeg.rf.2908ab01c3190ca7958a3124da976595.jpg,640,640,botolplastik,22,391,395,488
Botol-Kaca-4-_jpeg.rf.2908ab01c3190ca7958a3124da976595.jpg,640,640,botolplastik,23,470,405,589
Botol-Plastik-79-_jpeg.rf.29c9b4c7d95a868404ac8bbb03796157.jpg,640,640,botolplastik,447,21,640,640
Botol-Plastik-79-_jpeg.rf.29c9b4c7d95a868404ac8bbb03796157.jpg,640,640,botolplastik,219,50,452,640
Botol-Plastik-79-_jpeg.rf.29c9b4c7d95a868404ac8bbb03796157.jpg,640,640,botolplastik,1,56,211,640
Kaleng-11_jpg.rf.2908fe3388bfdceb80a3bc7981dd8e93.jpg,640,640,Kaleng,140,48,358,620
Botol-Kaca-84-_jpeg.rf.28303a283a17e1265c48e12098670520.jpg,640,640,botolkaca,42,120,561,462
Kaleng9_jpg.rf.2a418e0b74b797a6a7c41b3be1791918.jpg,640,640,Kaleng,198,6,437,555
Kaleng10_jpg.rf.2a5cf8edd5b98ba6d8e654015655d5c8.jpg,640,640,Kaleng,87,6,457,544
Botol-Plastik-5-_jpeg.rf.29b3d7a4a6fb62c34a2d6696306ced22.jpg,640,640,botolplastik,34,285,609,568
Botol-Plastik-5-_jpeg.rf.29b3d7a4a6fb62c34a2d6696306ced22.jpg,640,640,botolplastik,0,13,320,464
Botol-Kaca-42-_jpeg.rf.2e02e7458f2a1b8026007a45154eea03.jpg,640,640,botolkaca,7,170,640,448
Botol-Plastik-69-_jpeg.rf.2df05b36849dad83b463fee41e6b7186.jpg,640,640,botolplastik,211,12,549,631
Jual-Botol-Kaca-500ml-INFUS-Rekondisi-scaled_jpeg.rf.2eeb3274ab047dc82fc3bdc7639b417d.jpg,640,640,botolkaca,24,35,271,616
Jual-Botol-Kaca-500ml-INFUS-Rekondisi-scaled_jpeg.rf.2eeb3274ab047dc82fc3bdc7639b417d.jpg,640,640,botolkaca,336,38,572,585
Botol-Kaca-32-_jpeg.rf.2d46c483a426f226b5b401acc1375274.jpg,640,640,botolplastik,302,85,590,611
Botol-Kaca-32-_jpeg.rf.2d46c483a426f226b5b401acc1375274.jpg,640,640,botolplastik,70,64,357,602
Botol-Plastik-100-_jpeg.rf.2e63dbb19b3b2c9fb856098e9ed40ee9.jpg,640,640,Kaleng,3,163,595,475
Botol-Plastik-30-_jpeg.rf.2f5adb53b4120cb26e4aa6c6533cf25b.jpg,640,640,botolplastik,214,31,424,604
Botolkaca3_jpg.rf.3141afeb832250ab30344ec3757dce29.jpg,640,640,botolkaca,204,102,414,447
20170411_112828-e1508760907862_jpeg.rf.307e43076d103f70ec296f29985d14e3.jpg,640,640,botolkaca,138,0,447,591
Botol-Kaca-21-_jpeg.rf.2eaa5a21f06b34eafe5bdc0bf885de7b.jpg,640,640,botolplastik,4,190,633,448
Botol-Plastik-76-_jpeg.rf.2f5c7604e153dc198166baa56bbbdaed.jpg,640,640,botolplastik,0,151,632,466
Botolkaca5_jpg.rf.329f7e6c05957cea322dd11f3601255e.jpg,640,640,botolkaca,45,44,311,607
Botolkaca5_jpg.rf.329f7e6c05957cea322dd11f3601255e.jpg,640,640,botolkaca,346,60,618,614
Botol-Plastik-2024-04-25T174832-896_jpeg.rf.35d3883b860a44d79b2d5b85f13644c4.jpg,640,640,Kaleng,164,0,495,636
Botol-Plastik-72-_jpeg.rf.33aa2026beb451556caeced8417dd3a8.jpg,640,640,botolplastik,248,291,640,462
Botol-Plastik-72-_jpeg.rf.33aa2026beb451556caeced8417dd3a8.jpg,640,640,botolplastik,24,349,640,589
Botol-Plastik-72-_jpeg.rf.33aa2026beb451556caeced8417dd3a8.jpg,640,640,botolplastik,144,103,640,330
Botol-Plastik-72-_jpeg.rf.33aa2026beb451556caeced8417dd3a8.jpg,640,640,botolplastik,1,23,637,255
Botol-Plastik-100-_jpeg.rf.37e11e54c40898058a47bbb840b864ce.jpg,640,640,Kaleng,137,31,496,640
Botol-Kaca-35-_jpeg.rf.370b7fdab6760ecd5a9dd61cb4c243d6.jpg,640,640,botolplastik,59,197,578,459
Kaleng-14_jpg.rf.34574d49b24f7e0223e0ea15076984c0.jpg,640,640,Kaleng,162,174,636,560
Botol-Kaca-21-_jpeg.rf.39c1fb01bebcfdc788354b32833c4745.jpg,640,640,botolplastik,11,200,615,475
Botolkaca7_jpg.rf.38df4b73b5210b1c7354229f065a34dd.jpg,640,640,botolkaca,199,88,322,607
Botolkaca7_jpg.rf.38df4b73b5210b1c7354229f065a34dd.jpg,640,640,botolkaca,337,182,447,607
Botol-Kaca-15-_jpeg.rf.36c5d32879fde25f3307bbda01a95ca6.jpg,640,640,botolplastik,202,74,388,534
Botol-Plastik-2024-04-25T174829-121_jpeg.rf.38129f60141f3d5f7633d0fb7489dcfc.jpg,640,640,Kaleng,22,25,293,599
Botol-Plastik-2024-04-25T174829-121_jpeg.rf.38129f60141f3d5f7633d0fb7489dcfc.jpg,640,640,Kaleng,325,30,615,580
Botol-Kaca_jpeg.rf.3d00c6fb5c8d1a2ffa74d1ea6deb979f.jpg,640,640,botolkaca,193,120,411,587
Botol-Kaca-20-_jpeg.rf.3c2b16affc4d3704b03c87ef8876fc30.jpg,640,640,botolkaca,2,128,640,516
Kaleng10_jpg.rf.3c4e5aac8bb53ff5f4e8f61abe56172e.jpg,640,640,Kaleng,120,51,422,535
Botol-Plastik-8-_jpeg.rf.3bd3d4a6686c0ead62ab90ac6b0a460f.jpg,640,640,botolplastik,206,57,402,602
Botol-Plastik-64-_jpeg.rf.40e48463dc6391a208d8d99de7df89e7.jpg,640,640,botolplastik,14,324,238,640
Botol-Plastik-64-_jpeg.rf.40e48463dc6391a208d8d99de7df89e7.jpg,640,640,botolplastik,292,342,449,640
Botol-Plastik-64-_jpeg.rf.40e48463dc6391a208d8d99de7df89e7.jpg,640,640,botolplastik,534,326,640,640
Botol-Plastik-64-_jpeg.rf.40e48463dc6391a208d8d99de7df89e7.jpg,640,640,botolplastik,169,229,315,640
Botol-Plastik-64-_jpeg.rf.40e48463dc6391a208d8d99de7df89e7.jpg,640,640,botolplastik,407,224,559,640
Botol-Kaca-40-_jpeg.rf.437bcfa2080382fd4c724078722a34f9.jpg,640,640,botolkaca,0,209,620,465
IMG20190319150633_jpeg.rf.3d3acf2bc2501f613c05252a4635aa2a.jpg,640,640,botolkaca,190,36,436,640
Botol-Kaca-45-_jpeg.rf.3ea9c1b62228d5b8ec59cf738be04362.jpg,640,640,botolplastik,8,440,639,640
Botol-Kaca-45-_jpeg.rf.3ea9c1b62228d5b8ec59cf738be04362.jpg,640,640,botolplastik,6,325,576,510
Botol-Kaca-45-_jpeg.rf.3ea9c1b62228d5b8ec59cf738be04362.jpg,640,640,botolplastik,4,214,543,380
Botol-Kaca-45-_jpeg.rf.3ea9c1b62228d5b8ec59cf738be04362.jpg,640,640,botolplastik,8,89,517,263
Botol-Kaca-45-_jpeg.rf.3ea9c1b62228d5b8ec59cf738be04362.jpg,640,640,botolplastik,27,0,436,127
Botol-Plastik-79-_jpeg.rf.3f40aa4a964b8d3627d2e204886c54b7.jpg,640,640,botolplastik,14,468,640,631
Botol-Plastik-79-_jpeg.rf.3f40aa4a964b8d3627d2e204886c54b7.jpg,640,640,botolplastik,48,233,640,406
Botol-Plastik-79-_jpeg.rf.3f40aa4a964b8d3627d2e204886c54b7.jpg,640,640,botolplastik,34,1,638,163
Kaleng9_jpg.rf.41951696363841f3467ee834bef4e825.jpg,640,640,Kaleng,248,112,412,608
Botol-Plastik-90-_jpeg.rf.45e72a6421e9f49c705ba031ec75322c.jpg,640,640,botolplastik,68,512,476,640
Botol-Plastik-90-_jpeg.rf.45e72a6421e9f49c705ba031ec75322c.jpg,640,640,botolplastik,62,372,516,512
Botol-Plastik-90-_jpeg.rf.45e72a6421e9f49c705ba031ec75322c.jpg,640,640,botolplastik,39,234,512,372
Botol-Plastik-90-_jpeg.rf.45e72a6421e9f49c705ba031ec75322c.jpg,640,640,botolplastik,29,112,510,228
Botol-Plastik-90-_jpeg.rf.45e72a6421e9f49c705ba031ec75322c.jpg,640,640,botolplastik,14,0,540,103
Botol-Plastik-38-_jpeg.rf.43fdd4eaa14ca006686d5a40afb974c1.jpg,640,640,botolplastik,0,137,630,505
Botol-Kaca-45-_jpeg.rf.44a582c2a661263913b7d96d1fe31a7b.jpg,640,640,botolplastik,14,0,172,623
Botol-Kaca-45-_jpeg.rf.44a582c2a661263913b7d96d1fe31a7b.jpg,640,640,botolplastik,152,77,285,628
Botol-Kaca-45-_jpeg.rf.44a582c2a661263913b7d96d1fe31a7b.jpg,640,640,botolplastik,278,115,397,640
Botol-Kaca-45-_jpeg.rf.44a582c2a661263913b7d96d1fe31a7b.jpg,640,640,botolplastik,391,147,521,637
Botol-Kaca-45-_jpeg.rf.44a582c2a661263913b7d96d1fe31a7b.jpg,640,640,botolplastik,519,233,640,626
Botol-Kaca-62-_jpeg.rf.47ad9ccd8494c7de18a286c2e1fb6140.jpg,640,640,botolkaca,128,118,501,595
Botol-Kaca-48-_jpeg.rf.443d75f849a48a09d0e187f6f09e5636.jpg,640,640,botolkaca,15,54,154,616
Botol-Kaca-48-_jpeg.rf.443d75f849a48a09d0e187f6f09e5636.jpg,640,640,botolkaca,162,56,312,608
Botol-Kaca-48-_jpeg.rf.443d75f849a48a09d0e187f6f09e5636.jpg,640,640,botolkaca,331,63,466,615
Botol-Kaca-48-_jpeg.rf.443d75f849a48a09d0e187f6f09e5636.jpg,640,640,botolkaca,486,58,632,611
Botol-Kaca-49-_jpeg.rf.46f7654279c626a5878c7d6474283029.jpg,640,640,botolkaca,88,25,371,580
Botol-Kaca-49-_jpeg.rf.46f7654279c626a5878c7d6474283029.jpg,640,640,botolkaca,314,35,558,539
Botol-Kaca-16-_jpeg.rf.4594e422f9a7ebf663dfa0f6dcd61855.jpg,640,640,botolplastik,26,158,535,409
Botol-Kaca-71-_jpeg.rf.475165eafd24922257b59f4e98a53b66.jpg,640,640,botolkaca,164,7,474,615
Botol-Kaca-69-_jpeg.rf.49fa39eb3db0b16f43dd61977bcbc77d.jpg,640,640,botolkaca,454,0,640,600
Botol-Kaca-69-_jpeg.rf.49fa39eb3db0b16f43dd61977bcbc77d.jpg,640,640,botolkaca,292,0,510,620
Botol-Kaca-69-_jpeg.rf.49fa39eb3db0b16f43dd61977bcbc77d.jpg,640,640,botolkaca,150,0,355,635
Botol-Kaca-69-_jpeg.rf.49fa39eb3db0b16f43dd61977bcbc77d.jpg,640,640,botolkaca,1,15,206,640
Botol-Kaca-15-_jpeg.rf.490e813bd3e48cb4e65168b3a5601a70.jpg,640,640,botolplastik,236,99,412,550
Botol-Kaca_jpeg.rf.4ac463ae750f3422326aab216ebd1a24.jpg,640,640,botolkaca,172,29,431,523
Botol-Plastik-78-_jpeg.rf.49f55c8e4867354fac67faca14b78d31.jpg,640,640,Kaleng,0,0,640,640
Botol-Kaca-17-_jpeg.rf.49b5fcc5153771e3d31b9090ae39f9c3.jpg,640,640,botolkaca,216,60,409,618
Botol-Kaca-42-_jpeg.rf.4b59d4c0f107659de93ede58c69618f2.jpg,640,640,botolkaca,40,215,614,422
Botolkaca8_jpg.rf.4b76b3c07bf65c3db1fe43fad8cd787e.jpg,640,640,botolkaca,110,45,336,619
Botolkaca8_jpg.rf.4b76b3c07bf65c3db1fe43fad8cd787e.jpg,640,640,botolkaca,273,59,490,626
Botol-Plastik-100-_jpeg.rf.4ba240123773ffa332eb6a53c52d1997.jpg,640,640,Kaleng,173,36,463,599
Botol-Kaca-56-_jpeg.rf.4b68b7cdbb6e27d9b0dbaab6bc3b01e5.jpg,640,640,botolkaca,34,39,226,209
Botol-Kaca-56-_jpeg.rf.4b68b7cdbb6e27d9b0dbaab6bc3b01e5.jpg,640,640,botolkaca,231,32,383,216
Botol-Kaca-56-_jpeg.rf.4b68b7cdbb6e27d9b0dbaab6bc3b01e5.jpg,640,640,botolkaca,387,32,585,211
Botol-Kaca-56-_jpeg.rf.4b68b7cdbb6e27d9b0dbaab6bc3b01e5.jpg,640,640,botolkaca,35,223,232,381
Botol-Kaca-56-_jpeg.rf.4b68b7cdbb6e27d9b0dbaab6bc3b01e5.jpg,640,640,botolkaca,232,216,391,384
Botol-Kaca-56-_jpeg.rf.4b68b7cdbb6e27d9b0dbaab6bc3b01e5.jpg,640,640,botolkaca,394,213,610,388
Botol-Kaca-56-_jpeg.rf.4b68b7cdbb6e27d9b0dbaab6bc3b01e5.jpg,640,640,botolkaca,56,388,235,601
Botol-Kaca-56-_jpeg.rf.4b68b7cdbb6e27d9b0dbaab6bc3b01e5.jpg,640,640,botolkaca,235,392,391,612
Botol-Kaca-56-_jpeg.rf.4b68b7cdbb6e27d9b0dbaab6bc3b01e5.jpg,640,640,botolkaca,402,395,594,607
Botol-Plastik-30-_jpeg.rf.3d1f8889d1ced0633e152daef7c49f6d.jpg,640,640,botolplastik,176,4,480,628
Botol-Kaca-42-_jpeg.rf.4dc5878a94e8daa1cf92533d7ea8e278.jpg,640,640,botolkaca,169,4,471,620
BB24-768x768_jpeg.rf.4d36714fa3731f1775928acabb0c9146.jpg,640,640,botolkaca,24,229,631,426
Jual-Botol-Kaca-350ml-JUICE-Rekondisi-scaled_jpeg.rf.4e131d614c794ae0700155ff3049a344.jpg,640,640,botolkaca,7,0,627,287
Jual-Botol-Kaca-350ml-JUICE-Rekondisi-scaled_jpeg.rf.4e131d614c794ae0700155ff3049a344.jpg,640,640,botolkaca,13,347,592,640
IMG20190319142546_jpeg.rf.4fb1ee1070df76802730713b12def315.jpg,640,640,botolkaca,43,164,596,516
Botol-Plastik-12-_jpeg.rf.4ff2892382edb9d82f4e376eb92fcac7.jpg,640,640,botolplastik,0,29,340,495
Botol-Plastik-12-_jpeg.rf.4ff2892382edb9d82f4e376eb92fcac7.jpg,640,640,botolplastik,301,0,640,445
Botol-Kaca-5-_jpeg.rf.4ef4072ad58f9663d6d47a589a52ccb3.jpg,640,640,botolkaca,66,195,567,394
Botol-Kaca-71-_jpeg.rf.5326081e608765f41864aa597d5851b8.jpg,640,640,botolkaca,152,0,557,615
Botol-Kaca-29-_jpeg.rf.4d00164df188cab7dc3bf76aaf72b570.jpg,640,640,botolkaca,250,151,623,340
Botol-Kaca-29-_jpeg.rf.4d00164df188cab7dc3bf76aaf72b570.jpg,640,640,botolkaca,242,309,605,495
Botol-Kaca-29-_jpeg.rf.4d00164df188cab7dc3bf76aaf72b570.jpg,640,640,botolkaca,240,469,591,635
Botol-Kaca-29-_jpeg.rf.4d00164df188cab7dc3bf76aaf72b570.jpg,640,640,botolkaca,193,89,545,266
Botol-Kaca-29-_jpeg.rf.4d00164df188cab7dc3bf76aaf72b570.jpg,640,640,botolkaca,72,2,377,96
Botol-Kaca-29-_jpeg.rf.4d00164df188cab7dc3bf76aaf72b570.jpg,640,640,botolkaca,110,17,420,136
Botolkaca7_jpg.rf.51fd8323554b583a97aac8ed5340f4f2.jpg,640,640,botolkaca,67,308,613,474
Botolkaca7_jpg.rf.51fd8323554b583a97aac8ed5340f4f2.jpg,640,640,botolkaca,165,183,613,328
Botol-Kaca-72-_jpeg.rf.52c1c323024e5d792106dda5cba5798c.jpg,640,640,botolkaca,197,9,443,637
Botol-Plastik-2024-04-25T174828-601_jpeg.rf.5164da0fa3280f25f74657727f47b750.jpg,640,640,Kaleng,37,66,194,163
Botol-Plastik-2024-04-25T174828-601_jpeg.rf.5164da0fa3280f25f74657727f47b750.jpg,640,640,Kaleng,215,56,408,239
Botol-Plastik-2024-04-25T174828-601_jpeg.rf.5164da0fa3280f25f74657727f47b750.jpg,640,640,Kaleng,30,319,184,413
Botol-Plastik-2024-04-25T174828-601_jpeg.rf.5164da0fa3280f25f74657727f47b750.jpg,640,640,Kaleng,137,290,290,414
Botol-Plastik-2024-04-25T174828-601_jpeg.rf.5164da0fa3280f25f74657727f47b750.jpg,640,640,Kaleng,185,445,343,586
Botol-Kaca-31-_jpeg.rf.54a872ddc78e8bde30e3843a7e47f4e5.jpg,640,640,botolkaca,58,59,634,461
Botol-Kaca-35-_jpeg.rf.575350ff8671288a224ef3d0ce6c3a33.jpg,640,640,botolplastik,197,51,442,592
Botol-Plastik-60-_jpeg.rf.56a4c92c3826860eb39f99a1830a89f8.jpg,640,640,botolplastik,88,223,371,593
Botol-Plastik-60-_jpeg.rf.56a4c92c3826860eb39f99a1830a89f8.jpg,640,640,botolplastik,146,19,558,303
Botol-Plastik-60-_jpeg.rf.56a4c92c3826860eb39f99a1830a89f8.jpg,640,640,botolplastik,3,76,304,321
Botol-Plastik-60-_jpeg.rf.56a4c92c3826860eb39f99a1830a89f8.jpg,640,640,botolplastik,369,96,640,443
Botol-Plastik-2024-04-25T174833-046_jpeg.rf.5842bd0a5b99f0502832a0781627b5f5.jpg,640,640,Kaleng,66,207,209,558
Botol-Plastik-2024-04-25T174833-046_jpeg.rf.5842bd0a5b99f0502832a0781627b5f5.jpg,640,640,Kaleng,261,98,405,555
Botol-Plastik-2024-04-25T174833-046_jpeg.rf.5842bd0a5b99f0502832a0781627b5f5.jpg,640,640,Kaleng,456,154,564,556
Botol-Plastik-93-_jpeg.rf.55f859553e5345adbd4a7aa505bce7d6.jpg,640,640,botolplastik,8,190,640,475
Botolkaca10_jpg.rf.5c35760b0f03c26819abb108617d2564.jpg,640,640,botolkaca,77,238,592,431
Botol-Kaca-30-_jpeg.rf.5c6925ed5e1e37fc8ead721100803f2b.jpg,640,640,botolkaca,48,190,218,565
Botol-Kaca-30-_jpeg.rf.5c6925ed5e1e37fc8ead721100803f2b.jpg,640,640,botolkaca,234,283,410,572
Botol-Kaca-30-_jpeg.rf.5c6925ed5e1e37fc8ead721100803f2b.jpg,640,640,botolkaca,420,190,600,566
Botol-Kaca-61-_jpeg.rf.591589766032eee51cf103c6c20a939b.jpg,640,640,botolkaca,226,78,410,583
Botol-Plastik-27-_jpeg.rf.5cbd47d297e238041fa4bdc519b70ef9.jpg,640,640,botolplastik,191,17,445,598
Botolkaca9_jpg.rf.5ca524eea87208bb14f60feb86e7a012.jpg,640,640,botolkaca,362,24,635,574
Botolkaca9_jpg.rf.5ca524eea87208bb14f60feb86e7a012.jpg,640,640,botolkaca,179,79,408,591
Botolkaca9_jpg.rf.5ca524eea87208bb14f60feb86e7a012.jpg,640,640,botolkaca,0,20,215,566
Botol-Kaca-68-_jpeg.rf.5ac4cc38943b38516d6cb24aa128af16.jpg,640,640,botolplastik,33,314,592,503
Botol-Kaca-68-_jpeg.rf.5ac4cc38943b38516d6cb24aa128af16.jpg,640,640,botolplastik,48,201,636,428
Botol-Kaca-68-_jpeg.rf.5ac4cc38943b38516d6cb24aa128af16.jpg,640,640,botolplastik,51,114,623,303
Botol-Plastik-11-_jpeg.rf.5779d9b7e77cc3b82fb142ef34bd09bc.jpg,640,640,botolplastik,221,10,428,633
Botol-Plastik-69-_jpeg.rf.5e416effbeb5fa651b85d337c27a9016.jpg,640,640,botolplastik,235,27,516,596
Botol-Kaca-3-_jpeg.rf.5f065e6e2027987a7d4c76e63702fb6a.jpg,640,640,botolkaca,368,7,584,569
Botol-Kaca-3-_jpeg.rf.5f065e6e2027987a7d4c76e63702fb6a.jpg,640,640,botolkaca,242,0,449,559
Botol-Kaca-3-_jpeg.rf.5f065e6e2027987a7d4c76e63702fb6a.jpg,640,640,botolkaca,86,0,336,618
Botolkaca9_jpg.rf.5ec5fdd130171d00a9460d797a22daef.jpg,640,640,botolkaca,0,350,567,640
Botolkaca9_jpg.rf.5ec5fdd130171d00a9460d797a22daef.jpg,640,640,botolkaca,22,164,555,427
Botolkaca9_jpg.rf.5ec5fdd130171d00a9460d797a22daef.jpg,640,640,botolkaca,92,5,640,247
Botol-Plastik-2024-04-25T174835-994_jpeg.rf.5f3eea0e2c8ce79b7646184189b2350c.jpg,640,640,Kaleng,27,10,617,631
Botol-Kaca-34-_jpeg.rf.605bdb429606289d1974df950357854e.jpg,640,640,botolkaca,173,33,497,614
Botol-Plastik-8-_jpeg.rf.5f736bafd119db94fde695ca14300be6.jpg,640,640,botolplastik,188,24,461,603
Botol-Plastik-2024-04-25T174833-046_jpeg.rf.60d90877acbce992a69e13c577c4732b.jpg,640,640,Kaleng,413,39,605,428
Botol-Plastik-2024-04-25T174833-046_jpeg.rf.60d90877acbce992a69e13c577c4732b.jpg,640,640,Kaleng,205,64,411,565
Botol-Plastik-2024-04-25T174833-046_jpeg.rf.60d90877acbce992a69e13c577c4732b.jpg,640,640,Kaleng,35,84,198,524
Botol-Kaca-13-_jpeg.rf.6bcc8c72341f725ebf126a7772078e16.jpg,640,640,botolkaca,197,28,447,612
Botolkaca3_jpg.rf.6bfb114251ab1f5302185661244a5002.jpg,640,640,botolkaca,206,171,435,516
Botol-Plastik-7-_jpeg.rf.632b4fa3b345f509c740629e2941ddd4.jpg,640,640,botolplastik,10,379,403,562
Botol-Plastik-7-_jpeg.rf.632b4fa3b345f509c740629e2941ddd4.jpg,640,640,botolplastik,83,219,583,402
Botolkaca8_jpg.rf.6c4bdd775cfe940045f86f99cf6e2208.jpg,640,640,botolkaca,162,83,310,616
Botolkaca8_jpg.rf.6c4bdd775cfe940045f86f99cf6e2208.jpg,640,640,botolkaca,319,87,458,613
BB24-768x768_jpeg.rf.6a1e03590b45fcad023b2e548c05e95d.jpg,640,640,botolkaca,232,0,460,612
Botolkaca5_jpg.rf.6c5d0c2e67be4aa2aad42feecc244dc7.jpg,640,640,botolkaca,32,326,617,631
Botolkaca5_jpg.rf.6c5d0c2e67be4aa2aad42feecc244dc7.jpg,640,640,botolkaca,43,9,620,321
Botol-Plastik-69-_jpeg.rf.62a141dc46e0cf1110b5b69adbd7dadf.jpg,640,640,botolplastik,76,12,431,632
Botol-Kaca-68-_jpeg.rf.6f8926799d3af7554521fd7f2044a971.jpg,640,640,botolplastik,39,146,599,339
Botol-Kaca-68-_jpeg.rf.6f8926799d3af7554521fd7f2044a971.jpg,640,640,botolplastik,14,224,604,452
Botol-Kaca-68-_jpeg.rf.6f8926799d3af7554521fd7f2044a971.jpg,640,640,botolplastik,50,346,623,538
251258366_3e94bf8f-805d-47e7-9652-cfd8b3cfd7b0_1134_1134_jpeg.rf.6f061328cf05bd0c8925b1ab6e52d5eb.jpg,640,640,botolkaca,61,330,604,567
251258366_3e94bf8f-805d-47e7-9652-cfd8b3cfd7b0_1134_1134_jpeg.rf.6f061328cf05bd0c8925b1ab6e52d5eb.jpg,640,640,botolkaca,360,135,600,371
Jual-Botol-Kaca-500ml-APEL-Rekondisi-scaled_jpeg.rf.6db452bdc341a3813678e496cd05dcb0.jpg,640,640,botolkaca,128,95,317,583
Botol-Kaca-72-_jpeg.rf.6f0a3c4937d763ba767bfbc0ab6e0240.jpg,640,640,botolkaca,10,210,634,430
Botol-Kaca-50-_jpeg.rf.6caac444bec92e65f73bc6642df6e9c3.jpg,640,640,botolkaca,15,207,640,443
Botol-Plastik-2024-04-25T174835-629_jpeg.rf.6f5c2d5d7e9a146a65f9725bd54c5720.jpg,640,640,Kaleng,307,0,640,617
Kaleng-14_jpg.rf.7053b968dd358782bdf9ce93b9b08e44.jpg,640,640,Kaleng,200,6,524,451
Botol-Plastik-2024-04-25T174835-994_jpeg.rf.74ddf20913196a4bd44ef7a7e1bf8cb2.jpg,640,640,Kaleng,0,0,640,640
Botol-Kaca-13-_jpeg.rf.71b137a0ece475311f8c730fbe7d06a5.jpg,640,640,botolkaca,22,157,638,450
Botol-Plastik-31-_jpeg.rf.6ffa19603f6a1d9dbe5751e48c69bafe.jpg,640,640,botolplastik,338,68,639,611
Botol-Plastik-31-_jpeg.rf.6ffa19603f6a1d9dbe5751e48c69bafe.jpg,640,640,botolplastik,138,82,391,571
Botol-Plastik-31-_jpeg.rf.6ffa19603f6a1d9dbe5751e48c69bafe.jpg,640,640,botolplastik,0,83,210,497

Botol-Plastik-58-_jpeg.rf.727527d7049f6b6ab7a916180821d3f2.jpg,640,640,botolplastik,184,4,456,636
Botol-Plastik-2024-04-25T172624-259_jpeg.rf.74ac573a72111821d06faaf7dfaae86e.jpg,640,640,botolplastik,310,272,512,612
Botol-Plastik-2024-04-25T172624-259_jpeg.rf.74ac573a72111821d06faaf7dfaae86e.jpg,640,640,botolplastik,36,154,240,617
Botol-Plastik-2024-04-25T172624-259_jpeg.rf.74ac573a72111821d06faaf7dfaae86e.jpg,640,640,botolplastik,204,144,385,613
Botol-Plastik-2024-04-25T172624-259_jpeg.rf.74ac573a72111821d06faaf7dfaae86e.jpg,640,640,botolplastik,399,158,568,613
Botol-Kaca-56-_jpeg.rf.70795b8c8a724b1cb110445d14f5ede2.jpg,640,640,botolkaca,33,423,217,631
Botol-Kaca-56-_jpeg.rf.70795b8c8a724b1cb110445d14f5ede2.jpg,640,640,botolkaca,20,264,215,432
Botol-Kaca-56-_jpeg.rf.70795b8c8a724b1cb110445d14f5ede2.jpg,640,640,botolkaca,11,59,203,273
Botol-Kaca-56-_jpeg.rf.70795b8c8a724b1cb110445d14f5ede2.jpg,640,640,botolkaca,218,412,391,624
Botol-Kaca-56-_jpeg.rf.70795b8c8a724b1cb110445d14f5ede2.jpg,640,640,botolkaca,205,251,385,424
Botol-Kaca-56-_jpeg.rf.70795b8c8a724b1cb110445d14f5ede2.jpg,640,640,botolkaca,193,30,383,261
Botol-Kaca-56-_jpeg.rf.70795b8c8a724b1cb110445d14f5ede2.jpg,640,640,botolkaca,385,401,612,598
Botol-Kaca-56-_jpeg.rf.70795b8c8a724b1cb110445d14f5ede2.jpg,640,640,botolkaca,383,243,616,417
Botol-Kaca-56-_jpeg.rf.70795b8c8a724b1cb110445d14f5ede2.jpg,640,640,botolkaca,377,38,604,248
Jual-Botol-Kaca-350ml-JUICE-Rekondisi-scaled_jpeg.rf.7539811e4265c8fefe785b400a370b23.jpg,640,640,botolkaca,68,39,271,595
Jual-Botol-Kaca-350ml-JUICE-Rekondisi-scaled_jpeg.rf.7539811e4265c8fefe785b400a370b23.jpg,640,640,botolkaca,394,37,609,575
Botol-Plastik-2024-04-25T174835-305_jpeg.rf.77601f95183c593213a3964288d178b6.jpg,640,640,Kaleng,475,21,640,541
Botol-Plastik-2024-04-25T174835-305_jpeg.rf.77601f95183c593213a3964288d178b6.jpg,640,640,Kaleng,369,128,561,640
Botol-Plastik-2024-04-25T174835-305_jpeg.rf.77601f95183c593213a3964288d178b6.jpg,640,640,Kaleng,244,27,397,523
Botol-Plastik-2024-04-25T174835-305_jpeg.rf.77601f95183c593213a3964288d178b6.jpg,640,640,Kaleng,70,137,272,578
Botol-Plastik-2024-04-25T174835-305_jpeg.rf.77601f95183c593213a3964288d178b6.jpg,640,640,Kaleng,14,1,174,372
IMG20190319150838_jpeg.rf.6fb49f6d7c27f82714b6ea333f10c49d.jpg,640,640,botolkaca,167,86,431,597
Botolkaca10_jpg.rf.7688f6581b5afc48a1a4848b218abdbb.jpg,640,640,botolkaca,242,103,401,601
Botol-Plastik-38-_jpeg.rf.77fe45c9f75d611d58960db85f083e2d.jpg,640,640,botolplastik,144,6,488,636
Botol-Plastik-93-_jpeg.rf.75a628209e74cff4d0cf2405fc843033.jpg,640,640,botolplastik,159,0,427,634
Botol-Kaca-18-_jpeg.rf.78a0f2538a0cc54c6bce7583522871e8.jpg,640,640,botolkaca,263,247,368,629
Botol-Kaca-18-_jpeg.rf.78a0f2538a0cc54c6bce7583522871e8.jpg,640,640,botolkaca,106,137,246,596
Botol-Kaca-18-_jpeg.rf.78a0f2538a0cc54c6bce7583522871e8.jpg,640,640,botolkaca,51,171,145,523
Botol-Kaca-18-_jpeg.rf.78a0f2538a0cc54c6bce7583522871e8.jpg,640,640,botolkaca,351,104,469,559
Botol-Kaca-18-_jpeg.rf.78a0f2538a0cc54c6bce7583522871e8.jpg,640,640,botolkaca,476,67,612,488
Jual-Botol-Kaca-500ml-INFUS-Rekondisi-scaled_jpeg.rf.7cce5cadf924c53054e7e5af74ae2b08.jpg,640,640,botolkaca,14,2,640,284
Jual-Botol-Kaca-500ml-INFUS-Rekondisi-scaled_jpeg.rf.7cce5cadf924c53054e7e5af74ae2b08.jpg,640,640,botolkaca,3,337,599,606
Botol-Kaca-64-_jpeg.rf.79e5955a5bfeb80cf477f358efa145bb.jpg,640,640,botolkaca,70,233,241,609
Botol-Kaca-64-_jpeg.rf.79e5955a5bfeb80cf477f358efa145bb.jpg,640,640,botolkaca,254,327,414,613
Botol-Kaca-64-_jpeg.rf.79e5955a5bfeb80cf477f358efa145bb.jpg,640,640,botolkaca,424,240,589,609
Botol-Kaca-28-_jpeg.rf.7c4c19136b8ecc3be329ec6626f60f48.jpg,640,640,botolkaca,172,200,236,498
Botol-Kaca-28-_jpeg.rf.7c4c19136b8ecc3be329ec6626f60f48.jpg,640,640,botolkaca,281,194,343,498
Botol-Kaca-1-_jpeg.rf.7e728a5f86f563514dcb025cd836e45f.jpg,640,640,botolkaca,22,181,629,449
Botolkaca12_jpg.rf.7d7c3d7d2addd57110c02cfa328c2c69.jpg,640,640,botolkaca,214,166,336,524
Botolkaca12_jpg.rf.7d7c3d7d2addd57110c02cfa328c2c69.jpg,640,640,botolkaca,329,140,452,480
Botol-Plastik-31-_jpeg.rf.808614c63164fa8509bbd3138a4c0a6d.jpg,640,640,botolplastik,17,328,604,639
Botol-Plastik-31-_jpeg.rf.808614c63164fa8509bbd3138a4c0a6d.jpg,640,640,botolplastik,49,114,579,397
Botol-Plastik-31-_jpeg.rf.808614c63164fa8509bbd3138a4c0a6d.jpg,640,640,botolplastik,65,0,509,202
Kaleng-13_jpg.rf.7cf42dd7c942ac3419d34df61ae9912a.jpg,640,640,Kaleng,14,118,585,525
Botol-Kaca-16-_jpeg.rf.82f99fed833490a5eb99ad093a662900.jpg,640,640,botolplastik,213,99,414,564
Botol-Kaca-13-_jpeg.rf.80becb6f1dd8390b0bcccba589a09448.jpg,640,640,botolkaca,140,0,484,626
Botol-Kaca-49-_jpeg.rf.7ff999745abeb476b2bb7f84ea5d8291.jpg,640,640,botolkaca,276,36,617,640
Botol-Kaca-49-_jpeg.rf.7ff999745abeb476b2bb7f84ea5d8291.jpg,640,640,botolkaca,80,80,375,639
Botol-Plastik-80-_jpeg.rf.7f0f4b57c517fc3e190d864275f48e9a.jpg,640,640,botolplastik,109,16,536,625
Botol-Kaca-61-_jpeg.rf.832644c9edee029c7e12789b51467afc.jpg,640,640,botolkaca,182,38,409,573
Botol-Plastik-2024-04-25T174835-305_jpeg.rf.8246e8e44457d96af2d3d7292ad75fbd.jpg,640,640,Kaleng,7,122,186,626
Botol-Plastik-2024-04-25T174835-305_jpeg.rf.8246e8e44457d96af2d3d7292ad75fbd.jpg,640,640,Kaleng,115,13,283,492
Botol-Plastik-2024-04-25T174835-305_jpeg.rf.8246e8e44457d96af2d3d7292ad75fbd.jpg,640,640,Kaleng,269,125,403,580
Botol-Plastik-2024-04-25T174835-305_jpeg.rf.8246e8e44457d96af2d3d7292ad75fbd.jpg,640,640,Kaleng,384,67,563,468
Botol-Plastik-2024-04-25T174835-305_jpeg.rf.8246e8e44457d96af2d3d7292ad75fbd.jpg,640,640,Kaleng,478,255,620,599
Botol-Plastik-31-_jpeg.rf.88c1afc3728b3d280b5e38d5a74f3ff3.jpg,640,640,botolplastik,10,67,282,586
Botol-Plastik-31-_jpeg.rf.88c1afc3728b3d280b5e38d5a74f3ff3.jpg,640,640,botolplastik,255,88,482,558
Botol-Plastik-31-_jpeg.rf.88c1afc3728b3d280b5e38d5a74f3ff3.jpg,640,640,botolplastik,435,149,632,545
Botolkaca12_jpg.rf.8aa73f2afabe61d7f8cfd2f59560ab56.jpg,640,640,botolkaca,98,177,488,351
Botolkaca12_jpg.rf.8aa73f2afabe61d7f8cfd2f59560ab56.jpg,640,640,botolkaca,156,295,528,467
BB24-768x768_jpeg.rf.8a9c64a206794bba174d080630b6650e.jpg,640,640,botolkaca,229,32,393,624
Botol-Plastik-16-_jpeg.rf.8cc42291af3716cd22a2fb7ffc2cb8b8.jpg,640,640,botolplastik,125,25,318,440
Botol-Plastik-16-_jpeg.rf.8cc42291af3716cd22a2fb7ffc2cb8b8.jpg,640,640,botolplastik,261,10,505,510
Botol-Plastik-16-_jpeg.rf.8cc42291af3716cd22a2fb7ffc2cb8b8.jpg,640,640,botolplastik,347,14,601,640
Botol-Plastik-16-_jpeg.rf.8cc42291af3716cd22a2fb7ffc2cb8b8.jpg,640,640,botolplastik,22,44,280,640
Botol-Plastik-16-_jpeg.rf.8cc42291af3716cd22a2fb7ffc2cb8b8.jpg,640,640,botolplastik,185,36,424,626
Botol-Kaca-4-_jpeg.rf.883fce4ca26663cf894611dc9a41e61a.jpg,640,640,botolplastik,383,441,640,529
Botol-Kaca-4-_jpeg.rf.883fce4ca26663cf894611dc9a41e61a.jpg,640,640,botolplastik,357,356,632,467
Botol-Kaca-4-_jpeg.rf.883fce4ca26663cf894611dc9a41e61a.jpg,640,640,botolplastik,320,280,640,386
Botol-Kaca-4-_jpeg.rf.883fce4ca26663cf894611dc9a41e61a.jpg,640,640,botolplastik,283,203,638,315
Botol-Kaca-4-_jpeg.rf.883fce4ca26663cf894611dc9a41e61a.jpg,640,640,botolplastik,230,106,617,219
Botol-Kaca-4-_jpeg.rf.883fce4ca26663cf894611dc9a41e61a.jpg,640,640,botolplastik,204,3,603,139
Botol-Kaca-84-_jpeg.rf.8b0fb7d8adcb7d94df96f33a3865b608.jpg,640,640,botolkaca,33,81,608,490
Kaleng-12_jpg.rf.89cfa06c51053fbea3163c5848ed6666.jpg,640,640,Kaleng,59,28,567,603
Botol-Kaca-41-_jpeg.rf.8523d339fcd938e94a20f0d0a7dbcffd.jpg,640,640,botolkaca,131,22,554,640

Botol-Plastik-92-_jpeg.rf.8f4c32b44e0a150dd59878e1666ee805.jpg,640,640,botolplastik,191,0,481,631
251258366_3e94bf8f-805d-47e7-9652-cfd8b3cfd7b0_1134_1134_jpeg.rf.8da6e36f78812bac99e085511a7d438a.jpg,640,640,botolkaca,0,31,558,303
251258366_3e94bf8f-805d-47e7-9652-cfd8b3cfd7b0_1134_1134_jpeg.rf.8da6e36f78812bac99e085511a7d438a.jpg,640,640,botolkaca,0,253,241,511
Botolkaca10_jpg.rf.8e1c368e7eaa08df826fe0b849827ed3.jpg,640,640,botolkaca,231,103,426,623
Botol-Kaca-1-_jpeg.rf.8ef52f922a068cbe311bea7eda0905c2.jpg,640,640,botolkaca,196,27,427,614
Botolkaca14_jpg.rf.8fb80ed78beef27e4b0ed9bca6cd6119.jpg,640,640,botolkaca,146,28,504,615
Botol-Kaca-76-_jpeg.rf.8e33f07ac70d9b0ae337d40a9383f6db.jpg,640,640,botolkaca,465,0,640,607
Botol-Kaca-76-_jpeg.rf.8e33f07ac70d9b0ae337d40a9383f6db.jpg,640,640,botolkaca,341,12,527,620
Botol-Kaca-76-_jpeg.rf.8e33f07ac70d9b0ae337d40a9383f6db.jpg,640,640,botolkaca,208,86,391,629
Botol-Kaca-76-_jpeg.rf.8e33f07ac70d9b0ae337d40a9383f6db.jpg,640,640,botolkaca,83,23,248,636
Botol-Kaca-76-_jpeg.rf.8e33f07ac70d9b0ae337d40a9383f6db.jpg,640,640,botolkaca,1,67,133,640
Botol-Plastik-2024-04-25T174832-630_jpeg.rf.8d85666b5c27c0ebda0d3b3745c4edb0.jpg,640,640,Kaleng,193,162,505,488
Botol-Plastik-2024-04-25T174832-630_jpeg.rf.8d85666b5c27c0ebda0d3b3745c4edb0.jpg,640,640,Kaleng,381,98,640,482
Botol-Plastik-92-_jpeg.rf.91de23305cd5122d62d5b5b1a412d4ac.jpg,640,640,botolplastik,0,214,633,500
Botolkaca7_jpg.rf.92e898096a3968b4ab3a7d09ecea0a6b.jpg,640,640,botolkaca,51,315,623,491
Botolkaca7_jpg.rf.92e898096a3968b4ab3a7d09ecea0a6b.jpg,640,640,botolkaca,169,189,630,342
Botol-Plastik-80-_jpeg.rf.8f8a89d02503e5a10d30c2d97eebbcba.jpg,640,640,botolplastik,94,12,563,640
Botol-Plastik-7-_jpeg.rf.9696f876c988d0585460865193c4e05f.jpg,640,640,botolplastik,101,223,305,611
Botol-Plastik-7-_jpeg.rf.9696f876c988d0585460865193c4e05f.jpg,640,640,botolplastik,248,63,462,556
Botol-Kaca-69-_jpeg.rf.96f1a8bd8ed2b7e4559fe1895747e5b6.jpg,640,640,botolkaca,456,0,640,626
Botol-Kaca-69-_jpeg.rf.96f1a8bd8ed2b7e4559fe1895747e5b6.jpg,640,640,botolkaca,290,0,476,636
Botol-Kaca-69-_jpeg.rf.96f1a8bd8ed2b7e4559fe1895747e5b6.jpg,640,640,botolkaca,145,0,317,638
Botol-Kaca-69-_jpeg.rf.96f1a8bd8ed2b7e4559fe1895747e5b6.jpg,640,640,botolkaca,0,7,162,640

Botol-Kaca-32-_jpeg.rf.94e2bc5b4f0a49f9f938b160e88ff92d.jpg,640,640,botolplastik,100,33,620,321
Botol-Kaca-32-_jpeg.rf.94e2bc5b4f0a49f9f938b160e88ff92d.jpg,640,640,botolplastik,90,263,622,549
Botol-Plastik-2024-04-25T174828-601_jpeg.rf.9834a6f01ef1f23322d854d687f0d6d5.jpg,640,640,Kaleng,461,465,616,559
Botol-Plastik-2024-04-25T174828-601_jpeg.rf.9834a6f01ef1f23322d854d687f0d6d5.jpg,640,640,Kaleng,251,383,443,560
Botol-Plastik-2024-04-25T174828-601_jpeg.rf.9834a6f01ef1f23322d854d687f0d6d5.jpg,640,640,Kaleng,479,220,630,311
Botol-Plastik-2024-04-25T174828-601_jpeg.rf.9834a6f01ef1f23322d854d687f0d6d5.jpg,640,640,Kaleng,373,215,523,335
Botol-Plastik-2024-04-25T174828-601_jpeg.rf.9834a6f01ef1f23322d854d687f0d6d5.jpg,640,640,Kaleng,326,43,482,180
Botol-Plastik-85-_jpeg.rf.9b3cd3e373d4403874b481a1eee3de18.jpg,640,640,botolplastik,0,71,126,640
Botol-Plastik-85-_jpeg.rf.9b3cd3e373d4403874b481a1eee3de18.jpg,640,640,botolplastik,32,67,212,640
Botol-Plastik-85-_jpeg.rf.9b3cd3e373d4403874b481a1eee3de18.jpg,640,640,botolplastik,131,136,294,639
Botol-Plastik-85-_jpeg.rf.9b3cd3e373d4403874b481a1eee3de18.jpg,640,640,botolplastik,206,121,377,632
Botol-Plastik-85-_jpeg.rf.9b3cd3e373d4403874b481a1eee3de18.jpg,640,640,botolplastik,293,114,462,615
Botol-Plastik-85-_jpeg.rf.9b3cd3e373d4403874b481a1eee3de18.jpg,640,640,botolplastik,380,3,567,607
Botol-Plastik-85-_jpeg.rf.9b3cd3e373d4403874b481a1eee3de18.jpg,640,640,botolplastik,476,3,640,595
Botolkaca12_jpg.rf.972d0602a97eeba5f43d90ad1a607975.jpg,640,640,botolkaca,278,99,436,475
Botolkaca12_jpg.rf.972d0602a97eeba5f43d90ad1a607975.jpg,640,640,botolkaca,158,150,315,506
Jual-Botol-Kaca-500ml-INFUS-Rekondisi-scaled_jpeg.rf.9bf1079eecabd5acb87ace836545c0ce.jpg,640,640,botolkaca,0,339,620,640
Jual-Botol-Kaca-500ml-INFUS-Rekondisi-scaled_jpeg.rf.9bf1079eecabd5acb87ace836545c0ce.jpg,640,640,botolkaca,2,28,613,335
IMG20190319150838_jpeg.rf.995a8c4265c19b6c987174d69ac40655.jpg,640,640,botolkaca,42,191,603,510
Botol-Plastik-12-_jpeg.rf.9967366858b358f1b4a9badaa8858c59.jpg,640,640,botolplastik,319,53,640,495
Botol-Plastik-12-_jpeg.rf.9967366858b358f1b4a9badaa8858c59.jpg,640,640,botolplastik,28,1,323,476
Botol-Plastik-80-_jpeg.rf.9cdae52a2714f86203dc45935f9c8ce1.jpg,640,640,botolplastik,0,43,640,594
Botol-Kaca-60-_jpeg.rf.9db71d38b6c3db62014e68e70323073a.jpg,640,640,botolkaca,369,0,519,390
Botol-Kaca-60-_jpeg.rf.9db71d38b6c3db62014e68e70323073a.jpg,640,640,botolkaca,429,3,604,491
Botol-Kaca-60-_jpeg.rf.9db71d38b6c3db62014e68e70323073a.jpg,640,640,botolkaca,262,16,438,542
Botol-Kaca-60-_jpeg.rf.9db71d38b6c3db62014e68e70323073a.jpg,640,640,botolkaca,169,1,330,478
Botol-Kaca-60-_jpeg.rf.9db71d38b6c3db62014e68e70323073a.jpg,640,640,botolkaca,71,32,249,599
Botol-Plastik-73-_jpeg.rf.9ab8f7f8b8738ad385730df18a9d1dcb.jpg,640,640,botolplastik,432,101,583,467
Botol-Plastik-73-_jpeg.rf.9ab8f7f8b8738ad385730df18a9d1dcb.jpg,640,640,botolplastik,323,82,467,474
Botol-Plastik-73-_jpeg.rf.9ab8f7f8b8738ad385730df18a9d1dcb.jpg,640,640,botolplastik,243,45,381,339
Botol-Plastik-73-_jpeg.rf.9ab8f7f8b8738ad385730df18a9d1dcb.jpg,640,640,botolplastik,122,43,259,443
Botol-Plastik-73-_jpeg.rf.9ab8f7f8b8738ad385730df18a9d1dcb.jpg,640,640,botolplastik,350,105,517,607
Botol-Plastik-73-_jpeg.rf.9ab8f7f8b8738ad385730df18a9d1dcb.jpg,640,640,botolplastik,254,81,418,562
Botol-Plastik-73-_jpeg.rf.9ab8f7f8b8738ad385730df18a9d1dcb.jpg,640,640,botolplastik,160,62,327,566
Botol-Plastik-73-_jpeg.rf.9ab8f7f8b8738ad385730df18a9d1dcb.jpg,640,640,botolplastik,61,54,203,519
Botol-Kaca-34-_jpeg.rf.9f263b3c129dd3061afffb5184d6c588.jpg,640,640,botolkaca,191,42,456,561
Botol-Kaca-75-_jpeg.rf.9f6b08dcbe83cf905ed696eb9977c8fb.jpg,640,640,botolkaca,27,34,138,585
Botol-Kaca-75-_jpeg.rf.9f6b08dcbe83cf905ed696eb9977c8fb.jpg,640,640,botolkaca,140,108,258,578
Botol-Kaca-75-_jpeg.rf.9f6b08dcbe83cf905ed696eb9977c8fb.jpg,640,640,botolkaca,259,134,388,615
Botol-Kaca-75-_jpeg.rf.9f6b08dcbe83cf905ed696eb9977c8fb.jpg,640,640,botolkaca,380,160,494,579
Botol-Kaca-75-_jpeg.rf.9f6b08dcbe83cf905ed696eb9977c8fb.jpg,640,640,botolkaca,493,66,608,577
Botol-Plastik-87-_jpeg.rf.a195e44aa6de9a2d9d875cc0d9527b00.jpg,640,640,Kaleng,180,11,445,633
Botol-Kaca-60-_jpeg.rf.9dbad10794a63240c1e191de426d7dc0.jpg,640,640,botolkaca,134,238,242,609
Botol-Kaca-60-_jpeg.rf.9dbad10794a63240c1e191de426d7dc0.jpg,640,640,botolkaca,63,140,188,581
Botol-Kaca-60-_jpeg.rf.9dbad10794a63240c1e191de426d7dc0.jpg,640,640,botolkaca,219,105,343,582
Botol-Kaca-60-_jpeg.rf.9dbad10794a63240c1e191de426d7dc0.jpg,640,640,botolkaca,314,172,428,605
Botol-Kaca-60-_jpeg.rf.9dbad10794a63240c1e191de426d7dc0.jpg,640,640,botolkaca,397,68,520,583
Kaleng9_jpg.rf.a1afb68a7fdcf96f8c007e265ef0c960.jpg,640,640,Kaleng,19,230,535,443
Botol-Plastik-94-_jpeg.rf.a06c1287da8ab727b70f17fc7250bb20.jpg,640,640,botolplastik,409,251,570,639
Botol-Plastik-94-_jpeg.rf.a06c1287da8ab727b70f17fc7250bb20.jpg,640,640,botolplastik,31,311,162,640
Botol-Plastik-94-_jpeg.rf.a06c1287da8ab727b70f17fc7250bb20.jpg,640,640,botolplastik,443,61,624,461
Botol-Plastik-94-_jpeg.rf.a06c1287da8ab727b70f17fc7250bb20.jpg,640,640,botolplastik,308,218,458,640
Botol-Kaca-71-_jpeg.rf.a21856dfacc6fb8400d434354ae94fb6.jpg,640,640,botolkaca,116,5,482,640
Botol-Plastik-72-_jpeg.rf.9f0fd685a953f200aad857acf1f508c5.jpg,640,640,botolplastik,178,11,333,432
Botol-Plastik-72-_jpeg.rf.9f0fd685a953f200aad857acf1f508c5.jpg,640,640,botolplastik,75,26,287,640
Botol-Plastik-72-_jpeg.rf.9f0fd685a953f200aad857acf1f508c5.jpg,640,640,botolplastik,318,13,524,516
Botol-Plastik-72-_jpeg.rf.9f0fd685a953f200aad857acf1f508c5.jpg,640,640,botolplastik,406,30,612,640
Botol-Kaca-61-_jpeg.rf.a454d32687b4fabe700f0f307ece19fa.jpg,640,640,botolkaca,45,229,610,448
Botol-Plastik-2024-04-25T174832-896_jpeg.rf.a429f1925c4f0ba03800ccd7c8e25e2a.jpg,640,640,Kaleng,117,4,458,640
Botol-Plastik-90-_jpeg.rf.a0e4c7e8c392f0a4f1392e0f82955bb2.jpg,640,640,botolplastik,0,199,133,592
Botol-Plastik-90-_jpeg.rf.a0e4c7e8c392f0a4f1392e0f82955bb2.jpg,640,640,botolplastik,148,152,269,591
Botol-Plastik-90-_jpeg.rf.a0e4c7e8c392f0a4f1392e0f82955bb2.jpg,640,640,botolplastik,284,151,403,608
Botol-Plastik-90-_jpeg.rf.a0e4c7e8c392f0a4f1392e0f82955bb2.jpg,640,640,botolplastik,425,145,522,612
Botol-Plastik-90-_jpeg.rf.a0e4c7e8c392f0a4f1392e0f82955bb2.jpg,640,640,botolplastik,549,112,638,622
Botol-Plastik-2024-04-25T174835-629_jpeg.rf.a4d0ce318d999fe7ba6cf19be3c65058.jpg,640,640,Kaleng,4,8,286,614
Botol-Plastik-8-_jpeg.rf.a2b9d7b2747e08575ad3caf7f4c81c7e.jpg,640,640,botolplastik,228,12,444,610
Botol-Plastik-7-_jpeg.rf.a409c503f3b18b433745b195f0e63d4d.jpg,640,640,botolplastik,110,235,272,603
Botol-Plastik-7-_jpeg.rf.a409c503f3b18b433745b195f0e63d4d.jpg,640,640,botolplastik,261,59,418,531
Botol-Plastik-16-_jpeg.rf.a35632e3f65d555555749f3a9c5ca9ca.jpg,640,640,botolplastik,271,207,455,624
Botol-Plastik-16-_jpeg.rf.a35632e3f65d555555749f3a9c5ca9ca.jpg,640,640,botolplastik,82,144,315,634
Botol-Plastik-16-_jpeg.rf.a35632e3f65d555555749f3a9c5ca9ca.jpg,640,640,botolplastik,0,4,228,639
Botol-Plastik-16-_jpeg.rf.a35632e3f65d555555749f3a9c5ca9ca.jpg,640,640,botolplastik,319,0,562,610
Botol-Plastik-16-_jpeg.rf.a35632e3f65d555555749f3a9c5ca9ca.jpg,640,640,botolplastik,169,21,395,626
Botol-Plastik-2024-04-25T174830-642_jpeg.rf.a616728bee95a6179ae7944e7b8454fd.jpg,640,640,Kaleng,287,335,454,458
Botol-Plastik-2024-04-25T174830-642_jpeg.rf.a616728bee95a6179ae7944e7b8454fd.jpg,640,640,Kaleng,416,404,620,561
Botol-Plastik-2024-04-25T174830-642_jpeg.rf.a616728bee95a6179ae7944e7b8454fd.jpg,640,640,Kaleng,468,277,640,446
Botol-Plastik-2024-04-25T174830-642_jpeg.rf.a616728bee95a6179ae7944e7b8454fd.jpg,640,640,Kaleng,321,476,560,638
Botol-Plastik-2024-04-25T174830-642_jpeg.rf.a616728bee95a6179ae7944e7b8454fd.jpg,640,640,Kaleng,162,473,303,603
Botol-Plastik-2024-04-25T174830-642_jpeg.rf.a616728bee95a6179ae7944e7b8454fd.jpg,640,640,Kaleng,148,337,289,435
Botol-Plastik-2024-04-25T174830-642_jpeg.rf.a616728bee95a6179ae7944e7b8454fd.jpg,640,640,Kaleng,362,78,591,223
Botol-Plastik-2024-04-25T174830-642_jpeg.rf.a616728bee95a6179ae7944e7b8454fd.jpg,640,640,Kaleng,260,40,455,168
Botol-Plastik-11-_jpeg.rf.a2e543c83df51f0bd5197e5545b0a7b8.jpg,640,640,botolplastik,0,198,631,468
20170411_112828_jpeg.rf.a593ff512aef7343c591ccfe7ca50ede.jpg,640,640,botolkaca,61,194,627,499